timestamp,RU_id,question_id,response
2025-11-11T17:32:49.396412+00:00,RU_001,1,Wrong direction
2025-11-11T17:32:50.004317+00:00,RU_001,2,Good
2025-11-11T17:32:50.723191+00:00,RU_001,3,Fair/Poor
2025-11-11T17:32:51.360139+00:00,RU_001,4,Fair/Poor
2025-11-11T17:32:52.359201+00:00,RU_001,5,Good
2025-11-11T17:32:53.654666+00:00,RU_002,1,Wrong direction
2025-11-11T17:32:54.407668+00:00,RU_002,2,Fair/Poor
2025-11-11T17:32:55.651104+00:00,RU_002,3,Good
2025-11-11T17:32:56.294981+00:00,RU_002,4,Fair/Poor
2025-11-11T17:32:57.073087+00:00,RU_002,5,Fair/Poor
2025-11-11T17:32:57.836822+00:00,RU_003,1,Wrong direction
2025-11-11T17:32:58.708493+00:00,RU_003,2,Good
2025-11-11T17:33:00.450082+00:00,RU_003,3,Good
2025-11-11T17:33:01.198597+00:00,RU_003,4,Good
2025-11-11T17:33:01.780335+00:00,RU_003,5,Fair/Poor
2025-11-11T17:33:02.501924+00:00,RU_004,1,Wrong direction
2025-11-11T17:33:03.213121+00:00,RU_004,2,Good
2025-11-11T17:33:03.829210+00:00,RU_004,3,Fair/Poor
2025-11-11T17:33:04.546695+00:00,RU_004,4,Fair/Poor
2025-11-11T17:33:05.084353+00:00,RU_004,5,Fair/Poor
2025-11-11T17:33:05.807000+00:00,RU_005,1,Wrong direction
2025-11-11T17:33:06.750766+00:00,RU_005,2,Good
2025-11-11T17:33:07.405723+00:00,RU_005,3,Fair/Poor
2025-11-11T17:33:07.935334+00:00,RU_005,4,Fair/Poor
2025-11-11T17:33:08.622132+00:00,RU_005,5,Fair/Poor
2025-11-11T17:33:09.415316+00:00,RU_006,1,Wrong direction
2025-11-11T17:33:10.074604+00:00,RU_006,2,Fair/Poor
2025-11-11T17:33:10.862945+00:00,RU_006,3,Fair/Poor
2025-11-11T17:33:11.608698+00:00,RU_006,4,Good
2025-11-11T17:33:12.327461+00:00,RU_006,5,Fair/Poor
2025-11-11T17:33:13.147576+00:00,RU_007,1,Wrong direction
2025-11-11T17:33:13.781182+00:00,RU_007,2,Good
2025-11-11T17:33:14.580856+00:00,RU_007,3,Fair/Poor
2025-11-11T17:33:15.092311+00:00,RU_007,4,Fair/Poor
2025-11-11T17:33:15.705676+00:00,RU_007,5,Fair/Poor
2025-11-11T17:33:16.422988+00:00,RU_008,1,Wrong direction
2025-11-11T17:33:17.140278+00:00,RU_008,2,Good
2025-11-11T17:33:17.747593+00:00,RU_008,3,Good
2025-11-11T17:33:19.364474+00:00,RU_008,4,Good
2025-11-11T17:33:20.293742+00:00,RU_008,5,Fair/Poor
2025-11-11T17:33:20.835537+00:00,RU_009,1,Wrong direction
2025-11-11T17:33:21.393708+00:00,RU_009,2,Good
2025-11-11T17:33:22.564914+00:00,RU_009,3,Good
2025-11-11T17:33:23.181363+00:00,RU_009,4,Good
2025-11-11T17:33:23.693105+00:00,RU_009,5,Fair/Poor
2025-11-11T17:33:24.512424+00:00,RU_010,1,Wrong direction
2025-11-11T17:33:30.614177+00:00,RU_010,2,Fair/Poor
2025-11-11T17:33:31.288365+00:00,RU_010,3,Fair/Poor
2025-11-11T17:33:31.986718+00:00,RU_010,4,Fair/Poor
2025-11-11T17:33:33.523248+00:00,RU_010,5,Fair/Poor
2025-11-11T17:33:34.139343+00:00,RU_011,1,Right direction
2025-11-11T17:33:34.856087+00:00,RU_011,2,Good
2025-11-11T17:33:35.673401+00:00,RU_011,3,Good
2025-11-11T17:33:36.595540+00:00,RU_011,4,Good
2025-11-11T17:33:36.985940+00:00,RU_011,5,Fair/Poor
2025-11-11T17:33:37.623816+00:00,RU_012,1,Wrong direction
2025-11-11T17:33:38.236278+00:00,RU_012,2,Good
2025-11-11T17:33:38.744401+00:00,RU_012,3,Good
2025-11-11T17:33:39.568305+00:00,RU_012,4,Good
2025-11-11T17:33:40.716354+00:00,RU_012,5,Fair/Poor
2025-11-11T17:33:41.209594+00:00,RU_013,1,Wrong direction
2025-11-11T17:33:41.843438+00:00,RU_013,2,Fair/Poor
2025-11-11T17:33:42.434334+00:00,RU_013,3,Fair/Poor
2025-11-11T17:33:43.119830+00:00,RU_013,4,Fair/Poor
2025-11-11T17:33:43.817725+00:00,RU_013,5,Fair/Poor
2025-11-11T17:33:45.090149+00:00,RU_014,1,No opinion
2025-11-11T17:33:45.810229+00:00,RU_014,2,Good
2025-11-11T17:33:46.387054+00:00,RU_014,3,Fair/Poor
2025-11-11T17:33:47.143601+00:00,RU_014,4,Fair/Poor
2025-11-11T17:33:48.269048+00:00,RU_014,5,Fair/Poor
2025-11-11T17:33:48.884723+00:00,RU_015,1,Wrong direction
2025-11-11T17:33:49.906150+00:00,RU_015,2,Fair/Poor
2025-11-11T17:33:50.625646+00:00,RU_015,3,Fair/Poor
2025-11-11T17:33:51.237564+00:00,RU_015,4,Good
2025-11-11T17:33:52.465992+00:00,RU_015,5,Fair/Poor
2025-11-11T17:33:53.594325+00:00,RU_016,1,Wrong direction
2025-11-11T17:33:54.618029+00:00,RU_016,2,Good
2025-11-11T17:33:55.448257+00:00,RU_016,3,Fair/Poor
2025-11-11T17:33:56.049846+00:00,RU_016,4,Good
2025-11-11T17:33:56.870862+00:00,RU_016,5,Fair/Poor
2025-11-11T17:33:57.894252+00:00,RU_017,1,Wrong direction
2025-11-11T17:33:58.845552+00:00,RU_017,2,Fair/Poor
2025-11-11T17:33:59.538678+00:00,RU_017,3,Fair/Poor
2025-11-11T17:34:00.452049+00:00,RU_017,4,Fair/Poor
2025-11-11T17:34:00.936036+00:00,RU_017,5,Fair/Poor
2025-11-11T17:34:01.989533+00:00,RU_018,1,Wrong direction
2025-11-11T17:34:03.014264+00:00,RU_018,2,Fair/Poor
2025-11-11T17:34:03.731744+00:00,RU_018,3,Fair/Poor
2025-11-11T17:34:07.008045+00:00,RU_018,4,Good
2025-11-11T17:34:07.664513+00:00,RU_018,5,Fair/Poor
2025-11-11T17:34:08.539430+00:00,RU_019,1,Wrong direction
2025-11-11T17:34:09.368957+00:00,RU_019,2,Fair/Poor
2025-11-11T17:34:10.342303+00:00,RU_019,3,Fair/Poor
2025-11-11T17:34:11.001749+00:00,RU_019,4,Fair/Poor
2025-11-11T17:34:11.720899+00:00,RU_019,5,Fair/Poor
2025-11-11T17:34:13.049711+00:00,RU_020,1,Wrong direction
2025-11-11T17:34:13.811303+00:00,RU_020,2,Fair/Poor
2025-11-11T17:34:16.839467+00:00,RU_020,3,Good
2025-11-11T17:34:17.967154+00:00,RU_020,4,Good
2025-11-11T17:34:18.672023+00:00,RU_020,5,Good
2025-11-11T17:34:19.417724+00:00,RU_021,1,Wrong direction
2025-11-11T17:34:20.218761+00:00,RU_021,2,Good
2025-11-11T17:34:21.202234+00:00,RU_021,3,Fair/Poor
2025-11-11T17:34:22.047331+00:00,RU_021,4,Fair/Poor
2025-11-11T17:34:26.156753+00:00,RU_021,5,Fair/Poor
2025-11-11T17:34:26.772323+00:00,RU_022,1,Wrong direction
2025-11-11T17:34:27.487679+00:00,RU_022,2,Good
2025-11-11T17:34:28.921677+00:00,RU_022,3,Fair/Poor
2025-11-11T17:34:29.740229+00:00,RU_022,4,Fair/Poor
2025-11-11T17:34:30.442691+00:00,RU_022,5,Fair/Poor
2025-11-11T17:34:30.968903+00:00,RU_023,1,Wrong direction
2025-11-11T17:34:31.688972+00:00,RU_023,2,Fair/Poor
2025-11-11T17:34:32.200466+00:00,RU_023,3,Fair/Poor
2025-11-11T17:34:33.223296+00:00,RU_023,4,Fair/Poor
2025-11-11T17:34:34.327078+00:00,RU_023,5,Fair/Poor
2025-11-11T17:34:35.367090+00:00,RU_024,1,Wrong direction
2025-11-11T17:34:36.151156+00:00,RU_024,2,Good
2025-11-11T17:34:36.875811+00:00,RU_024,3,Fair/Poor
2025-11-11T17:34:38.078774+00:00,RU_024,4,Good
2025-11-11T17:34:38.972499+00:00,RU_024,5,Fair/Poor
2025-11-11T17:34:39.497084+00:00,RU_025,1,Wrong direction
2025-11-11T17:34:40.018645+00:00,RU_025,2,Fair/Poor
2025-11-11T17:34:40.605183+00:00,RU_025,3,Fair/Poor
2025-11-11T17:34:41.306982+00:00,RU_025,4,Fair/Poor
2025-11-11T17:34:42.468672+00:00,RU_025,5,Fair/Poor
2025-11-11T17:34:42.927058+00:00,RU_026,1,Wrong direction
2025-11-11T17:34:43.520796+00:00,RU_026,2,Good
2025-11-11T17:34:44.213126+00:00,RU_026,3,Fair/Poor
2025-11-11T17:34:49.885764+00:00,RU_026,4,Fair/Poor
2025-11-11T17:34:50.528337+00:00,RU_026,5,Fair/Poor
2025-11-11T17:34:51.043885+00:00,RU_027,1,Wrong direction
2025-11-11T17:34:51.598555+00:00,RU_027,2,Fair/Poor
2025-11-11T17:34:52.090985+00:00,RU_027,3,Fair/Poor
2025-11-11T17:34:52.681224+00:00,RU_027,4,Fair/Poor
2025-11-11T17:34:53.188499+00:00,RU_027,5,Fair/Poor
2025-11-11T17:34:53.858095+00:00,RU_028,1,Right direction
2025-11-11T17:34:54.726796+00:00,RU_028,2,Good
2025-11-11T17:34:55.340331+00:00,RU_028,3,Fair/Poor
2025-11-11T17:34:56.159551+00:00,RU_028,4,Good
2025-11-11T17:34:56.751564+00:00,RU_028,5,Fair/Poor
2025-11-11T17:34:57.591482+00:00,RU_029,1,Wrong direction
2025-11-11T17:34:58.173881+00:00,RU_029,2,Fair/Poor
2025-11-11T17:34:58.827720+00:00,RU_029,3,Fair/Poor
2025-11-11T17:34:59.590454+00:00,RU_029,4,Good
2025-11-11T17:35:00.068802+00:00,RU_029,5,Fair/Poor
2025-11-11T17:35:00.542805+00:00,RU_030,1,Wrong direction
2025-11-11T17:35:01.128209+00:00,RU_030,2,Good
2025-11-11T17:35:02.526095+00:00,RU_030,3,Fair/Poor
2025-11-11T17:35:03.020745+00:00,RU_030,4,Good
2025-11-11T17:35:03.739056+00:00,RU_030,5,Fair/Poor
2025-11-11T17:35:04.350065+00:00,RU_031,1,Wrong direction
2025-11-11T17:35:04.964742+00:00,RU_031,2,Good
2025-11-11T17:35:05.784820+00:00,RU_031,3,Fair/Poor
2025-11-11T17:35:06.604365+00:00,RU_031,4,Good
2025-11-11T17:35:07.484578+00:00,RU_031,5,Fair/Poor
2025-11-11T17:35:08.335209+00:00,RU_032,1,Wrong direction
2025-11-11T17:35:09.163888+00:00,RU_032,2,Fair/Poor
2025-11-11T17:35:09.892876+00:00,RU_032,3,Fair/Poor
2025-11-11T17:35:10.494943+00:00,RU_032,4,Fair/Poor
2025-11-11T17:35:11.211056+00:00,RU_032,5,Fair/Poor
2025-11-11T17:35:12.546336+00:00,RU_033,1,Wrong direction
2025-11-11T17:35:13.157766+00:00,RU_033,2,Fair/Poor
2025-11-11T17:35:13.826001+00:00,RU_033,3,Fair/Poor
2025-11-11T17:35:14.693374+00:00,RU_033,4,Good
2025-11-11T17:35:15.307730+00:00,RU_033,5,Fair/Poor
2025-11-11T17:35:15.820242+00:00,RU_034,1,Wrong direction
2025-11-11T17:35:16.435151+00:00,RU_034,2,Fair/Poor
2025-11-11T17:35:16.946577+00:00,RU_034,3,Fair/Poor
2025-11-11T17:35:17.620530+00:00,RU_034,4,Fair/Poor
2025-11-11T17:35:18.379820+00:00,RU_034,5,Fair/Poor
2025-11-11T17:35:19.199231+00:00,RU_035,1,Wrong direction
2025-11-11T17:35:19.814883+00:00,RU_035,2,Fair/Poor
2025-11-11T17:35:20.530481+00:00,RU_035,3,Fair/Poor
2025-11-11T17:35:21.252146+00:00,RU_035,4,Fair/Poor
2025-11-11T17:35:22.065596+00:00,RU_035,5,Fair/Poor
2025-11-11T17:35:22.990787+00:00,RU_036,1,Wrong direction
2025-11-11T17:35:23.909149+00:00,RU_036,2,Fair/Poor
2025-11-11T17:35:24.421493+00:00,RU_036,3,Fair/Poor
2025-11-11T17:35:25.445466+00:00,RU_036,4,Fair/Poor
2025-11-11T17:35:26.125844+00:00,RU_036,5,Fair/Poor
2025-11-11T17:35:27.083832+00:00,RU_037,1,Wrong direction
2025-11-11T17:35:27.799603+00:00,RU_037,2,Fair/Poor
2025-11-11T17:35:28.298630+00:00,RU_037,3,Fair/Poor
2025-11-11T17:35:28.926314+00:00,RU_037,4,Fair/Poor
2025-11-11T17:35:31.895489+00:00,RU_037,5,Fair/Poor
2025-11-11T17:35:32.364740+00:00,RU_038,1,Wrong direction
2025-11-11T17:35:32.918843+00:00,RU_038,2,Good
2025-11-11T17:35:33.637468+00:00,RU_038,3,Fair/Poor
2025-11-11T17:35:34.150982+00:00,RU_038,4,Good
2025-11-11T17:35:35.193201+00:00,RU_038,5,Fair/Poor
2025-11-11T17:35:35.889540+00:00,RU_039,1,Wrong direction
2025-11-11T17:35:36.816896+00:00,RU_039,2,Good
2025-11-11T17:35:37.324387+00:00,RU_039,3,Good
2025-11-11T17:35:38.145506+00:00,RU_039,4,Fair/Poor
2025-11-11T17:35:38.857667+00:00,RU_039,5,Fair/Poor
2025-11-11T17:35:42.445989+00:00,RU_040,1,Wrong direction
2025-11-11T17:35:43.057593+00:00,RU_040,2,Good
2025-11-11T17:35:44.140226+00:00,RU_040,3,Fair/Poor
2025-11-11T17:35:45.207391+00:00,RU_040,4,Fair/Poor
2025-11-11T17:35:46.157546+00:00,RU_040,5,Fair/Poor
2025-11-11T17:35:46.745605+00:00,RU_041,1,Wrong direction
2025-11-11T17:35:47.565021+00:00,RU_041,2,Fair/Poor
2025-11-11T17:35:48.544194+00:00,RU_041,3,Fair/Poor
2025-11-11T17:35:49.203308+00:00,RU_041,4,Good
2025-11-11T17:35:50.037732+00:00,RU_041,5,Fair/Poor
2025-11-11T17:35:50.765921+00:00,RU_042,1,Wrong direction
2025-11-11T17:35:51.854137+00:00,RU_042,2,Good
2025-11-11T17:35:55.337546+00:00,RU_042,3,Fair/Poor
2025-11-11T17:35:56.081761+00:00,RU_042,4,Fair/Poor
2025-11-11T17:35:56.634407+00:00,RU_042,5,Fair/Poor
2025-11-11T17:36:01.107948+00:00,RU_043,1,Right direction
2025-11-11T17:36:02.153307+00:00,RU_043,2,Fair/Poor
2025-11-11T17:36:02.840182+00:00,RU_043,3,Fair/Poor
2025-11-11T17:36:03.289065+00:00,RU_043,4,Fair/Poor
2025-11-11T17:36:04.490115+00:00,RU_043,5,Fair/Poor
2025-11-11T17:36:04.992191+00:00,RU_044,1,Right direction
2025-11-11T17:36:05.620472+00:00,RU_044,2,Good
2025-11-11T17:36:06.017157+00:00,RU_044,3,Good
2025-11-11T17:36:06.632488+00:00,RU_044,4,Good
2025-11-11T17:36:07.402477+00:00,RU_044,5,Fair/Poor
2025-11-11T17:36:07.991408+00:00,RU_045,1,Wrong direction
2025-11-11T17:36:08.678760+00:00,RU_045,2,Good
2025-11-11T17:36:09.284828+00:00,RU_045,3,Fair/Poor
2025-11-11T17:36:09.896971+00:00,RU_045,4,Good
2025-11-11T17:36:10.405698+00:00,RU_045,5,Fair/Poor
2025-11-11T17:36:10.914444+00:00,RU_046,1,Wrong direction
2025-11-11T17:36:11.736586+00:00,RU_046,2,Good
2025-11-11T17:36:12.388112+00:00,RU_046,3,Fair/Poor
2025-11-11T17:36:12.958355+00:00,RU_046,4,Fair/Poor
2025-11-11T17:36:14.321340+00:00,RU_046,5,Fair/Poor
2025-11-11T17:36:33.241217+00:00,RU_047,1,Wrong direction
2025-11-11T17:36:33.797612+00:00,RU_047,2,Good
2025-11-11T17:36:34.564457+00:00,RU_047,3,Fair/Poor
2025-11-11T17:36:35.383999+00:00,RU_047,4,Fair/Poor
2025-11-11T17:36:36.098560+00:00,RU_047,5,Fair/Poor
2025-11-11T17:36:36.818875+00:00,RU_048,1,Wrong direction
2025-11-11T17:36:37.227211+00:00,RU_048,2,Good
2025-11-11T17:36:37.943728+00:00,RU_048,3,Fair/Poor
2025-11-11T17:36:38.762585+00:00,RU_048,4,Fair/Poor
2025-11-11T17:36:39.887486+00:00,RU_048,5,Fair/Poor
2025-11-11T17:36:41.219369+00:00,RU_049,1,Wrong direction
2025-11-11T17:36:41.732057+00:00,RU_049,2,Good
2025-11-11T17:36:42.451247+00:00,RU_049,3,Fair/Poor
2025-11-11T17:36:43.680606+00:00,RU_049,4,Fair/Poor
2025-11-11T17:36:44.395079+00:00,RU_049,5,Fair/Poor
2025-11-11T17:36:45.008149+00:00,RU_050,1,Wrong direction
2025-11-11T17:36:45.624153+00:00,RU_050,2,Good
2025-11-11T17:36:46.265453+00:00,RU_050,3,Fair/Poor
2025-11-11T17:36:46.851905+00:00,RU_050,4,Good
2025-11-11T17:36:47.773448+00:00,RU_050,5,Fair/Poor
2025-11-11T17:36:48.592819+00:00,RU_051,1,Wrong direction
2025-11-11T17:36:49.206168+00:00,RU_051,2,Good
2025-11-11T17:36:50.027585+00:00,RU_051,3,Fair/Poor
2025-11-11T17:36:50.743709+00:00,RU_051,4,Fair/Poor
2025-11-11T17:36:51.664957+00:00,RU_051,5,Fair/Poor
2025-11-11T17:36:52.482808+00:00,RU_052,1,Wrong direction
2025-11-11T17:36:53.100146+00:00,RU_052,2,Good
2025-11-11T17:36:53.712967+00:00,RU_052,3,Fair/Poor
2025-11-11T17:36:54.531083+00:00,RU_052,4,Fair/Poor
2025-11-11T17:36:55.248370+00:00,RU_052,5,Excellent/Very good
2025-11-11T17:36:56.068432+00:00,RU_053,1,Wrong direction
2025-11-11T17:36:56.889835+00:00,RU_053,2,Good
2025-11-11T17:36:57.951990+00:00,RU_053,3,Fair/Poor
2025-11-11T17:36:58.620988+00:00,RU_053,4,Fair/Poor
2025-11-11T17:36:59.344897+00:00,RU_053,5,Fair/Poor
2025-11-11T17:37:01.116045+00:00,RU_054,1,Wrong direction
2025-11-11T17:37:01.806461+00:00,RU_054,2,Good
2025-11-11T17:37:02.825345+00:00,RU_054,3,Fair/Poor
2025-11-11T17:37:03.534892+00:00,RU_054,4,Fair/Poor
2025-11-11T17:37:05.080128+00:00,RU_054,5,Fair/Poor
2025-11-11T17:37:05.894418+00:00,RU_055,1,Wrong direction
2025-11-11T17:37:06.421009+00:00,RU_055,2,Good
2025-11-11T17:37:07.801723+00:00,RU_055,3,Fair/Poor
2025-11-11T17:37:08.909463+00:00,RU_055,4,Good
2025-11-11T17:37:11.668700+00:00,RU_055,5,Fair/Poor
2025-11-11T17:37:12.453015+00:00,RU_056,1,Wrong direction
2025-11-11T17:37:13.570595+00:00,RU_056,2,Fair/Poor
2025-11-11T17:37:18.222867+00:00,RU_056,3,Good
2025-11-11T17:37:18.920767+00:00,RU_056,4,Good
2025-11-11T17:37:19.797463+00:00,RU_056,5,Fair/Poor
2025-11-11T17:37:20.613829+00:00,RU_057,1,Wrong direction
2025-11-11T17:37:21.368073+00:00,RU_057,2,Good
2025-11-11T17:37:22.415766+00:00,RU_057,3,Fair/Poor
2025-11-11T17:37:23.491625+00:00,RU_057,4,Fair/Poor
2025-11-11T17:37:24.320638+00:00,RU_057,5,Fair/Poor
2025-11-11T17:37:25.979579+00:00,RU_058,1,Wrong direction
2025-11-11T17:37:26.685206+00:00,RU_058,2,Good
2025-11-11T17:37:27.505316+00:00,RU_058,3,Fair/Poor
2025-11-11T17:37:28.543809+00:00,RU_058,4,Good
2025-11-11T17:37:29.142250+00:00,RU_058,5,Fair/Poor
2025-11-11T17:37:29.756266+00:00,RU_059,1,Wrong direction
2025-11-11T17:37:30.424215+00:00,RU_059,2,Fair/Poor
2025-11-11T17:37:31.294009+00:00,RU_059,3,Fair/Poor
2025-11-11T17:37:32.507621+00:00,RU_059,4,Fair/Poor
2025-11-11T17:37:33.136554+00:00,RU_059,5,Fair/Poor
2025-11-11T17:37:33.779184+00:00,RU_060,1,Wrong direction
2025-11-11T17:37:34.670608+00:00,RU_060,2,Good
2025-11-11T17:37:35.338602+00:00,RU_060,3,Good
2025-11-11T17:37:36.646558+00:00,RU_060,4,Good
2025-11-11T17:37:37.339315+00:00,RU_060,5,Fair/Poor
2025-11-11T17:37:38.460868+00:00,RU_061,1,Wrong direction
2025-11-11T17:37:39.075077+00:00,RU_061,2,Good
2025-11-11T17:37:40.008498+00:00,RU_061,3,Fair/Poor
2025-11-11T17:37:40.813939+00:00,RU_061,4,Fair/Poor
2025-11-11T17:37:41.327097+00:00,RU_061,5,Not sure
2025-11-11T17:37:41.940185+00:00,RU_062,1,Wrong direction
2025-11-11T17:37:42.451804+00:00,RU_062,2,Fair/Poor
2025-11-11T17:37:43.730788+00:00,RU_062,3,Fair/Poor
2025-11-11T17:37:44.399802+00:00,RU_062,4,Fair/Poor
2025-11-11T17:37:45.424047+00:00,RU_062,5,Fair/Poor
2025-11-11T17:37:46.256319+00:00,RU_063,1,Wrong direction
2025-11-11T17:37:46.870060+00:00,RU_063,2,Good
2025-11-11T17:37:47.371162+00:00,RU_063,3,Good
2025-11-11T17:37:48.190299+00:00,RU_063,4,Good
2025-11-11T17:37:49.112598+00:00,RU_063,5,Fair/Poor
2025-11-11T17:37:49.621267+00:00,RU_064,1,Wrong direction
2025-11-11T17:37:50.445813+00:00,RU_064,2,Fair/Poor
2025-11-11T17:37:51.465566+00:00,RU_064,3,Fair/Poor
2025-11-11T17:37:52.184003+00:00,RU_064,4,Good
2025-11-11T17:37:52.693399+00:00,RU_064,5,Fair/Poor
2025-11-11T17:37:53.614410+00:00,RU_065,1,Wrong direction
2025-11-11T17:37:54.743014+00:00,RU_065,2,Good
2025-11-11T17:37:55.258128+00:00,RU_065,3,Good
2025-11-11T17:37:55.971270+00:00,RU_065,4,Good
2025-11-11T17:37:56.791815+00:00,RU_065,5,Fair/Poor
2025-11-11T17:37:57.585160+00:00,RU_066,1,Wrong direction
2025-11-11T17:37:58.842751+00:00,RU_066,2,Good
2025-11-11T17:37:59.761873+00:00,RU_066,3,Good
2025-11-11T17:38:00.347018+00:00,RU_066,4,Good
2025-11-11T17:38:01.088769+00:00,RU_066,5,Fair/Poor
2025-11-11T17:38:01.808195+00:00,RU_067,1,Wrong direction
2025-11-11T17:38:02.329457+00:00,RU_067,2,Fair/Poor
2025-11-11T17:38:03.355609+00:00,RU_067,3,Good
2025-11-11T17:38:03.956620+00:00,RU_067,4,Good
2025-11-11T17:38:04.981113+00:00,RU_067,5,Fair/Poor
2025-11-11T17:38:18.910302+00:00,RU_068,1,Wrong direction
2025-11-11T17:38:19.523022+00:00,RU_068,2,Good
2025-11-11T17:38:20.648832+00:00,RU_068,3,Fair/Poor
2025-11-11T17:38:21.364726+00:00,RU_068,4,Fair/Poor
2025-11-11T17:38:21.876785+00:00,RU_068,5,Fair/Poor
2025-11-11T17:38:23.311521+00:00,RU_069,1,Wrong direction
2025-11-11T17:38:24.049318+00:00,RU_069,2,Good
2025-11-11T17:38:24.947653+00:00,RU_069,3,Good
2025-11-11T17:38:25.596986+00:00,RU_069,4,Good
2025-11-11T17:38:26.074646+00:00,RU_069,5,Fair/Poor
2025-11-11T17:38:26.623234+00:00,RU_070,1,Wrong direction
2025-11-11T17:38:27.523741+00:00,RU_070,2,Good
2025-11-11T17:38:28.530240+00:00,RU_070,3,Fair/Poor
2025-11-11T17:38:29.533878+00:00,RU_070,4,Fair/Poor
2025-11-11T17:38:30.291462+00:00,RU_070,5,Fair/Poor
2025-11-11T17:38:31.106542+00:00,RU_071,1,Wrong direction
2025-11-11T17:38:31.844195+00:00,RU_071,2,Good
2025-11-11T17:38:32.447282+00:00,RU_071,3,Fair/Poor
2025-11-11T17:38:32.912545+00:00,RU_071,4,Fair/Poor
2025-11-11T17:38:33.565606+00:00,RU_071,5,Fair/Poor
2025-11-11T17:38:34.532004+00:00,RU_072,1,Wrong direction
2025-11-11T17:38:35.471370+00:00,RU_072,2,Good
2025-11-11T17:38:36.348389+00:00,RU_072,3,Fair/Poor
2025-11-11T17:38:36.967471+00:00,RU_072,4,Fair/Poor
2025-11-11T17:38:37.814972+00:00,RU_072,5,Fair/Poor
2025-11-11T17:38:38.607081+00:00,RU_073,1,Wrong direction
2025-11-11T17:38:39.216350+00:00,RU_073,2,Good
2025-11-11T17:38:40.120900+00:00,RU_073,3,Fair/Poor
2025-11-11T17:38:40.960687+00:00,RU_073,4,Fair/Poor
2025-11-11T17:38:41.746420+00:00,RU_073,5,Fair/Poor
2025-11-11T17:38:42.526811+00:00,RU_074,1,Wrong direction
2025-11-11T17:38:43.360248+00:00,RU_074,2,Good
2025-11-11T17:38:44.711553+00:00,RU_074,3,Fair/Poor
2025-11-11T17:38:45.536907+00:00,RU_074,4,Fair/Poor
2025-11-11T17:38:46.163086+00:00,RU_074,5,Fair/Poor
2025-11-11T17:38:46.759988+00:00,RU_075,1,Wrong direction
2025-11-11T17:38:47.431415+00:00,RU_075,2,Good
2025-11-11T17:38:48.825976+00:00,RU_075,3,Fair/Poor
2025-11-11T17:38:49.381156+00:00,RU_075,4,Good
2025-11-11T17:38:50.080585+00:00,RU_075,5,Fair/Poor
2025-11-11T17:38:50.616707+00:00,RU_076,1,Wrong direction
2025-11-11T17:38:51.371378+00:00,RU_076,2,Fair/Poor
2025-11-11T17:38:52.088053+00:00,RU_076,3,Fair/Poor
2025-11-11T17:38:53.007534+00:00,RU_076,4,Fair/Poor
2025-11-11T17:38:53.518775+00:00,RU_076,5,Fair/Poor
2025-11-11T17:38:54.442174+00:00,RU_077,1,Wrong direction
2025-11-11T17:38:54.964865+00:00,RU_077,2,Good
2025-11-11T17:38:55.565928+00:00,RU_077,3,Good
2025-11-11T17:38:56.386925+00:00,RU_077,4,Fair/Poor
2025-11-11T17:38:58.744871+00:00,RU_077,5,Fair/Poor
2025-11-11T17:38:59.458194+00:00,RU_078,1,Wrong direction
2025-11-11T17:38:59.973415+00:00,RU_078,2,Good
2025-11-11T17:39:00.684626+00:00,RU_078,3,Fair/Poor
2025-11-11T17:39:01.608883+00:00,RU_078,4,Fair/Poor
2025-11-11T17:39:02.405714+00:00,RU_078,5,Fair/Poor
2025-11-11T17:39:03.147537+00:00,RU_079,1,Wrong direction
2025-11-11T17:39:03.759972+00:00,RU_079,2,Good
2025-11-11T17:39:04.379074+00:00,RU_079,3,Fair/Poor
2025-11-11T17:39:05.090805+00:00,RU_079,4,Good
2025-11-11T17:39:05.703843+00:00,RU_079,5,Fair/Poor
2025-11-11T17:39:06.627173+00:00,RU_080,1,Wrong direction
2025-11-11T17:39:07.341714+00:00,RU_080,2,Good
2025-11-11T17:39:07.956390+00:00,RU_080,3,Good
2025-11-11T17:39:08.570766+00:00,RU_080,4,Good
2025-11-11T17:39:09.288177+00:00,RU_080,5,Fair/Poor
2025-11-11T17:39:10.108316+00:00,RU_081,1,Wrong direction
2025-11-11T17:39:11.234667+00:00,RU_081,2,Fair/Poor
2025-11-11T17:39:11.780895+00:00,RU_081,3,Fair/Poor
2025-11-11T17:39:12.565415+00:00,RU_081,4,Fair/Poor
2025-11-11T17:39:13.082039+00:00,RU_081,5,Fair/Poor
2025-11-11T17:39:13.631293+00:00,RU_082,1,Wrong direction
2025-11-11T17:39:14.202413+00:00,RU_082,2,Good
2025-11-11T17:39:15.123951+00:00,RU_082,3,Fair/Poor
2025-11-11T17:39:15.841190+00:00,RU_082,4,Fair/Poor
2025-11-11T17:39:16.689216+00:00,RU_082,5,Not sure
2025-11-11T17:39:20.307649+00:00,RU_083,1,Wrong direction
2025-11-11T17:39:21.141861+00:00,RU_083,2,Good
2025-11-11T17:39:21.665477+00:00,RU_083,3,Good
2025-11-11T17:39:22.510451+00:00,RU_083,4,Good
2025-11-11T17:39:23.238146+00:00,RU_083,5,Fair/Poor
2025-11-11T17:39:23.931635+00:00,RU_084,1,Wrong direction
2025-11-11T17:39:24.660445+00:00,RU_084,2,Fair/Poor
2025-11-11T17:39:25.568443+00:00,RU_084,3,Good
2025-11-11T17:39:26.181971+00:00,RU_084,4,Fair/Poor
2025-11-11T17:39:27.002422+00:00,RU_084,5,Fair/Poor
2025-11-11T17:39:27.532613+00:00,RU_085,1,Wrong direction
2025-11-11T17:39:28.343331+00:00,RU_085,2,Good
2025-11-11T17:39:29.563393+00:00,RU_085,3,Fair/Poor
2025-11-11T17:39:30.437714+00:00,RU_085,4,Fair/Poor
2025-11-11T17:39:31.713853+00:00,RU_085,5,Fair/Poor
2025-11-11T17:39:33.760900+00:00,RU_086,1,Wrong direction
2025-11-11T17:39:34.784517+00:00,RU_086,2,Good
2025-11-11T17:39:35.398954+00:00,RU_086,3,Fair/Poor
2025-11-11T17:39:36.188953+00:00,RU_086,4,Fair/Poor
2025-11-11T17:39:36.936195+00:00,RU_086,5,Fair/Poor
2025-11-11T17:39:37.959437+00:00,RU_087,1,Wrong direction
2025-11-11T17:39:38.970914+00:00,RU_087,2,Good
2025-11-11T17:39:39.904911+00:00,RU_087,3,Fair/Poor
2025-11-11T17:39:40.415331+00:00,RU_087,4,Fair/Poor
2025-11-11T17:39:41.136758+00:00,RU_087,5,Fair/Poor
2025-11-11T17:39:41.849683+00:00,RU_088,1,Wrong direction
2025-11-11T17:39:42.362994+00:00,RU_088,2,Fair/Poor
2025-11-11T17:39:43.180108+00:00,RU_088,3,Fair/Poor
2025-11-11T17:39:44.000031+00:00,RU_088,4,Fair/Poor
2025-11-11T17:39:45.842753+00:00,RU_088,5,Fair/Poor
2025-11-11T17:39:46.351494+00:00,RU_089,1,Wrong direction
2025-11-11T17:39:47.173345+00:00,RU_089,2,Good
2025-11-11T17:39:48.300960+00:00,RU_089,3,Fair/Poor
2025-11-11T17:39:49.009038+00:00,RU_089,4,Good
2025-11-11T17:39:49.618243+00:00,RU_089,5,Fair/Poor
2025-11-11T17:39:50.175843+00:00,RU_090,1,Wrong direction
2025-11-11T17:39:51.373146+00:00,RU_090,2,Good
2025-11-11T17:39:52.762266+00:00,RU_090,3,Good
2025-11-11T17:39:53.420668+00:00,RU_090,4,Good
2025-11-11T17:39:54.450729+00:00,RU_090,5,Fair/Poor
2025-11-11T17:39:55.265054+00:00,RU_091,1,Wrong direction
2025-11-11T17:39:55.982258+00:00,RU_091,2,Good
2025-11-11T17:39:56.593175+00:00,RU_091,3,Fair/Poor
2025-11-11T17:39:57.004819+00:00,RU_091,4,Good
2025-11-11T17:39:58.133913+00:00,RU_091,5,Fair/Poor
2025-11-11T17:39:58.851422+00:00,RU_092,1,Wrong direction
2025-11-11T17:39:59.361029+00:00,RU_092,2,Fair/Poor
2025-11-11T17:39:59.872840+00:00,RU_092,3,Fair/Poor
2025-11-11T17:40:00.386708+00:00,RU_092,4,Good
2025-11-11T17:40:01.612917+00:00,RU_092,5,Fair/Poor
2025-11-11T17:40:03.054321+00:00,RU_093,1,Wrong direction
2025-11-11T17:40:05.362146+00:00,RU_093,2,Good
2025-11-11T17:40:06.835645+00:00,RU_093,3,Fair/Poor
2025-11-11T17:40:08.477255+00:00,RU_093,4,Fair/Poor
2025-11-11T17:40:09.193093+00:00,RU_093,5,Fair/Poor
2025-11-11T17:40:09.599582+00:00,RU_094,1,Wrong direction
2025-11-11T17:40:10.215448+00:00,RU_094,2,Good
2025-11-11T17:40:10.830568+00:00,RU_094,3,Fair/Poor
2025-11-11T17:40:11.651685+00:00,RU_094,4,Good
2025-11-11T17:40:12.597065+00:00,RU_094,5,Fair/Poor
2025-11-11T17:40:14.106330+00:00,RU_095,1,Wrong direction
2025-11-11T17:40:14.617342+00:00,RU_095,2,Good
2025-11-11T17:40:16.053286+00:00,RU_095,3,Fair/Poor
2025-11-11T17:40:16.974166+00:00,RU_095,4,Good
2025-11-11T17:40:17.691210+00:00,RU_095,5,Fair/Poor
2025-11-11T17:40:18.715617+00:00,RU_096,1,Wrong direction
2025-11-11T17:40:19.824375+00:00,RU_096,2,Good
2025-11-11T17:40:20.968594+00:00,RU_096,3,Fair/Poor
2025-11-11T17:40:21.889595+00:00,RU_096,4,Fair/Poor
2025-11-11T17:40:22.811761+00:00,RU_096,5,Fair/Poor
2025-11-11T17:40:23.625463+00:00,RU_097,1,Wrong direction
2025-11-11T17:40:24.244037+00:00,RU_097,2,Good
2025-11-11T17:40:25.267521+00:00,RU_097,3,Fair/Poor
2025-11-11T17:40:26.006897+00:00,RU_097,4,Good
2025-11-11T17:40:27.008163+00:00,RU_097,5,Fair/Poor
2025-11-11T17:40:27.724552+00:00,RU_098,1,Wrong direction
2025-11-11T17:40:28.648632+00:00,RU_098,2,Good
2025-11-11T17:40:29.596795+00:00,RU_098,3,Good
2025-11-11T17:40:30.356821+00:00,RU_098,4,Fair/Poor
2025-11-11T17:40:31.206356+00:00,RU_098,5,Fair/Poor
2025-11-11T17:40:31.923502+00:00,RU_099,1,Wrong direction
2025-11-11T17:40:33.152130+00:00,RU_099,2,Good
2025-11-11T17:40:34.586803+00:00,RU_099,3,Fair/Poor
2025-11-11T17:40:35.064158+00:00,RU_099,4,Good
2025-11-11T17:40:35.712385+00:00,RU_099,5,Fair/Poor
2025-11-11T17:40:37.029097+00:00,RU_100,1,Wrong direction
2025-11-11T17:40:37.454409+00:00,RU_100,2,Good
2025-11-11T17:40:38.667338+00:00,RU_100,3,Fair/Poor
2025-11-11T17:40:39.603990+00:00,RU_100,4,Fair/Poor
2025-11-11T17:40:40.548059+00:00,RU_100,5,Fair/Poor
