timestamp,RUs_id,year,response
2025-11-04T19:15:10.348832+00:00,Agent_001,2020,Wrong direction
2025-11-04T19:15:10.863206+00:00,Agent_002,2020,Right direction
2025-11-04T19:15:11.282154+00:00,Agent_003,2020,Wrong direction
2025-11-04T19:15:11.879954+00:00,Agent_004,2020,Wrong direction
2025-11-04T19:15:12.505581+00:00,Agent_005,2020,Right direction
2025-11-04T19:15:12.934183+00:00,Agent_006,2020,Right direction
2025-11-04T19:15:13.354337+00:00,Agent_007,2020,Wrong direction
2025-11-04T19:15:13.890317+00:00,Agent_008,2020,Wrong direction
2025-11-04T19:15:14.169451+00:00,Agent_009,2020,Right direction
2025-11-04T19:15:14.577166+00:00,Agent_010,2020,Right direction
2025-11-04T19:15:15.047010+00:00,Agent_011,2020,Right direction
2025-11-04T19:15:15.319439+00:00,Agent_012,2020,Right direction
2025-11-04T19:15:15.767793+00:00,Agent_013,2020,Wrong direction
2025-11-04T19:15:16.275143+00:00,Agent_014,2020,Right direction
2025-11-04T19:15:16.690381+00:00,Agent_015,2020,Wrong direction
2025-11-04T19:15:17.100598+00:00,Agent_016,2020,Wrong direction
2025-11-04T19:15:17.660492+00:00,Agent_017,2020,No opinion
2025-11-04T19:15:18.033108+00:00,Agent_018,2020,Wrong direction
2025-11-04T19:15:18.469326+00:00,Agent_019,2020,Right direction
2025-11-04T19:15:18.944643+00:00,Agent_020,2020,Wrong direction
2025-11-04T19:15:19.250427+00:00,Agent_021,2020,Wrong direction
2025-11-04T19:15:19.576940+00:00,Agent_022,2020,Right direction
2025-11-04T19:15:20.069177+00:00,Agent_023,2020,Wrong direction
2025-11-04T19:15:20.686133+00:00,Agent_024,2020,Right direction
2025-11-04T19:15:21.197719+00:00,Agent_025,2020,Wrong direction
2025-11-04T19:15:21.598341+00:00,Agent_026,2020,Wrong direction
2025-11-04T19:15:22.037696+00:00,Agent_027,2020,Right direction
2025-11-04T19:15:22.447343+00:00,Agent_028,2020,Wrong direction
2025-11-04T19:15:22.833949+00:00,Agent_029,2020,No opinion
2025-11-04T19:15:23.446483+00:00,Agent_030,2020,Wrong direction
2025-11-04T19:15:24.288282+00:00,Agent_031,2020,Right direction
2025-11-04T19:15:24.775798+00:00,Agent_032,2020,Right direction
2025-11-04T19:15:25.189484+00:00,Agent_033,2020,Wrong direction
2025-11-04T19:15:26.012203+00:00,Agent_034,2020,Wrong direction
2025-11-04T19:15:26.723597+00:00,Agent_035,2020,Wrong direction
2025-11-04T19:15:27.119803+00:00,Agent_036,2020,Right direction
2025-11-04T19:15:27.500859+00:00,Agent_037,2020,Wrong direction
2025-11-04T19:15:27.864680+00:00,Agent_038,2020,Wrong direction
2025-11-04T19:15:28.480155+00:00,Agent_039,2020,Right direction
2025-11-04T19:15:28.891472+00:00,Agent_040,2020,Wrong direction
2025-11-04T19:15:29.461573+00:00,Agent_041,2020,Right direction
2025-11-04T19:15:29.809384+00:00,Agent_042,2020,Right direction
2025-11-04T19:15:30.150599+00:00,Agent_043,2020,Right direction
2025-11-04T19:15:30.717538+00:00,Agent_044,2020,Right direction
2025-11-04T19:15:31.438822+00:00,Agent_045,2020,Wrong direction
2025-11-04T19:15:32.284635+00:00,Agent_046,2020,Wrong direction
2025-11-04T19:15:32.869948+00:00,Agent_047,2020,Wrong direction
2025-11-04T19:15:33.382451+00:00,Agent_048,2020,Right direction
2025-11-04T19:15:33.637258+00:00,Agent_049,2020,Wrong direction
2025-11-04T19:15:33.992997+00:00,Agent_050,2020,Wrong direction
2025-11-04T19:15:34.492854+00:00,Agent_051,2020,Right direction
2025-11-04T19:15:34.875410+00:00,Agent_052,2020,Wrong direction
2025-11-04T19:15:35.530876+00:00,Agent_053,2020,Right direction
2025-11-04T19:15:35.839345+00:00,Agent_054,2020,Wrong direction
2025-11-04T19:15:36.320194+00:00,Agent_055,2020,Right direction
2025-11-04T19:15:37.213455+00:00,Agent_056,2020,Wrong direction
2025-11-04T19:15:37.626080+00:00,Agent_057,2020,Wrong direction
2025-11-04T19:15:38.294092+00:00,Agent_058,2020,Wrong direction
2025-11-04T19:15:38.807764+00:00,Agent_059,2020,Right direction
2025-11-04T19:15:39.215931+00:00,Agent_060,2020,Right direction
2025-11-04T19:15:39.586407+00:00,Agent_061,2020,Wrong direction
2025-11-04T19:15:40.140132+00:00,Agent_062,2020,Wrong direction
2025-11-04T19:15:40.754295+00:00,Agent_063,2020,Wrong direction
2025-11-04T19:15:41.265875+00:00,Agent_064,2020,Right direction
2025-11-04T19:15:41.776284+00:00,Agent_065,2020,Wrong direction
2025-11-04T19:15:42.185638+00:00,Agent_066,2020,Right direction
2025-11-04T19:15:42.592821+00:00,Agent_067,2020,Right direction
2025-11-04T19:15:43.212940+00:00,Agent_068,2020,Right direction
2025-11-04T19:15:43.934400+00:00,Agent_069,2020,Right direction
2025-11-04T19:15:44.644141+00:00,Agent_070,2020,No opinion
2025-11-04T19:15:45.017746+00:00,Agent_071,2020,Right direction
2025-11-04T19:15:45.566861+00:00,Agent_072,2020,Wrong direction
2025-11-04T19:15:46.181500+00:00,Agent_073,2020,No opinion
2025-11-04T19:15:48.640699+00:00,Agent_074,2020,Right direction
2025-11-04T19:15:48.946453+00:00,Agent_075,2020,Wrong direction
2025-11-04T19:15:49.315537+00:00,Agent_076,2020,No opinion
2025-11-04T19:15:49.767408+00:00,Agent_077,2020,No opinion
2025-11-04T19:15:50.423275+00:00,Agent_078,2020,Wrong direction
2025-11-04T19:15:50.892938+00:00,Agent_079,2020,Wrong direction
2025-11-04T19:15:51.403190+00:00,Agent_080,2020,Right direction
2025-11-04T19:15:51.811491+00:00,Agent_081,2020,No opinion
2025-11-04T19:15:52.125137+00:00,Agent_082,2020,Wrong direction
2025-11-04T19:15:52.530686+00:00,Agent_083,2020,Wrong direction
2025-11-04T19:15:53.042359+00:00,Agent_084,2020,Right direction
2025-11-04T19:15:53.611079+00:00,Agent_085,2020,Wrong direction
2025-11-04T19:15:54.472978+00:00,Agent_086,2020,Wrong direction
2025-11-04T19:15:54.784735+00:00,Agent_087,2020,Wrong direction
2025-11-04T19:15:55.078049+00:00,Agent_088,2020,Right direction
2025-11-04T19:15:55.477256+00:00,Agent_089,2020,Right direction
2025-11-04T19:15:56.219296+00:00,Agent_090,2020,No opinion
2025-11-04T19:15:56.628536+00:00,Agent_091,2020,Wrong direction
2025-11-04T19:15:57.137849+00:00,Agent_092,2020,Wrong direction
2025-11-04T19:15:57.700491+00:00,Agent_093,2020,Wrong direction
2025-11-04T19:15:58.180739+00:00,Agent_094,2020,Right direction
2025-11-04T19:15:59.187471+00:00,Agent_095,2020,Wrong direction
2025-11-04T19:15:59.701019+00:00,Agent_096,2020,Right direction
2025-11-04T19:16:00.210590+00:00,Agent_097,2020,Wrong direction
2025-11-04T19:16:00.926585+00:00,Agent_098,2020,Wrong direction
2025-11-04T19:16:01.766825+00:00,Agent_099,2020,No opinion
2025-11-04T19:16:02.369992+00:00,Agent_100,2020,Wrong direction
2025-11-04T19:16:02.871673+00:00,Agent_101,2020,Right direction
2025-11-04T19:16:03.387118+00:00,Agent_102,2020,Right direction
2025-11-04T19:16:04.744317+00:00,Agent_103,2020,Right direction
2025-11-04T19:16:05.028694+00:00,Agent_104,2020,No opinion
2025-11-04T19:16:05.376976+00:00,Agent_105,2020,Right direction
2025-11-04T19:16:05.843739+00:00,Agent_106,2020,No opinion
2025-11-04T19:16:06.300946+00:00,Agent_107,2020,Right direction
2025-11-04T19:16:06.702467+00:00,Agent_108,2020,Wrong direction
2025-11-04T19:16:07.373833+00:00,Agent_109,2020,Right direction
2025-11-04T19:16:07.992158+00:00,Agent_110,2020,Wrong direction
2025-11-04T19:16:08.509681+00:00,Agent_111,2020,Right direction
2025-11-04T19:16:08.919930+00:00,Agent_112,2020,Wrong direction
2025-11-04T19:16:09.429492+00:00,Agent_113,2020,Right direction
2025-11-04T19:16:11.145755+00:00,Agent_114,2020,Wrong direction
2025-11-04T19:16:11.583733+00:00,Agent_115,2020,Wrong direction
2025-11-04T19:16:11.880839+00:00,Agent_116,2020,Right direction
2025-11-04T19:16:12.194170+00:00,Agent_117,2020,Right direction
2025-11-04T19:16:12.603822+00:00,Agent_118,2020,Wrong direction
2025-11-04T19:16:13.033489+00:00,Agent_119,2020,Right direction
2025-11-04T19:16:13.315928+00:00,Agent_120,2020,Right direction
2025-11-04T19:16:13.799552+00:00,Agent_121,2020,No opinion
2025-11-04T19:16:14.139077+00:00,Agent_122,2020,Right direction
2025-11-04T19:16:14.920377+00:00,Agent_123,2020,Wrong direction
2025-11-04T19:16:15.405130+00:00,Agent_124,2020,Right direction
2025-11-04T19:16:16.579619+00:00,Agent_125,2020,Right direction
2025-11-04T19:16:17.326535+00:00,Agent_126,2020,Wrong direction
2025-11-04T19:16:17.824531+00:00,Agent_127,2020,No opinion
2025-11-04T19:16:18.537357+00:00,Agent_128,2020,Right direction
2025-11-04T19:16:19.155150+00:00,Agent_129,2020,Wrong direction
2025-11-04T19:16:19.665617+00:00,Agent_130,2020,Wrong direction
2025-11-04T19:16:20.141417+00:00,Agent_131,2020,Wrong direction
2025-11-04T19:16:20.478383+00:00,Agent_132,2020,Right direction
2025-11-04T19:16:21.015851+00:00,Agent_133,2020,Right direction
2025-11-04T19:16:21.406273+00:00,Agent_134,2020,Right direction
2025-11-04T19:16:21.916826+00:00,Agent_135,2020,Right direction
2025-11-04T19:16:22.222014+00:00,Agent_136,2020,Wrong direction
2025-11-04T19:16:23.253659+00:00,Agent_137,2020,Wrong direction
2025-11-04T19:16:23.868002+00:00,Agent_138,2020,No opinion
2025-11-04T19:16:24.381847+00:00,Agent_139,2020,Wrong direction
2025-11-04T19:16:24.892514+00:00,Agent_140,2020,Right direction
2025-11-04T19:16:25.705261+00:00,Agent_141,2020,Right direction
2025-11-04T19:16:26.120451+00:00,Agent_142,2020,Right direction
2025-11-04T19:16:26.632060+00:00,Agent_143,2020,Wrong direction
2025-11-04T19:16:27.040431+00:00,Agent_144,2020,Wrong direction
2025-11-04T19:16:27.443254+00:00,Agent_145,2020,Wrong direction
2025-11-04T19:16:27.859487+00:00,Agent_146,2020,Right direction
2025-11-04T19:16:28.369117+00:00,Agent_147,2020,Wrong direction
2025-11-04T19:16:28.920881+00:00,Agent_148,2020,Wrong direction
2025-11-04T19:16:29.349927+00:00,Agent_149,2020,Right direction
2025-11-04T19:16:30.519941+00:00,Agent_150,2020,Wrong direction
2025-11-04T19:16:30.928704+00:00,Agent_151,2020,Right direction
2025-11-04T19:16:31.853384+00:00,Agent_152,2020,Wrong direction
2025-11-04T19:16:32.365347+00:00,Agent_153,2020,Right direction
2025-11-04T19:16:32.875271+00:00,Agent_154,2020,Right direction
2025-11-04T19:16:33.365770+00:00,Agent_155,2020,Right direction
2025-11-04T19:16:34.551672+00:00,Agent_156,2020,Right direction
2025-11-04T19:16:35.123456+00:00,Agent_157,2020,Right direction
2025-11-04T19:16:35.535874+00:00,Agent_158,2020,Right direction
2025-11-04T19:16:36.252208+00:00,Agent_159,2020,Right direction
2025-11-04T19:16:36.769051+00:00,Agent_160,2020,Wrong direction
2025-11-04T19:16:37.257171+00:00,Agent_161,2020,Wrong direction
2025-11-04T19:16:37.689423+00:00,Agent_162,2020,Wrong direction
2025-11-04T19:16:38.402623+00:00,Agent_163,2020,Right direction
2025-11-04T19:16:38.920592+00:00,Agent_164,2020,Wrong direction
2025-11-04T19:16:39.430056+00:00,Agent_165,2020,Wrong direction
2025-11-04T19:16:40.042774+00:00,Agent_166,2020,Wrong direction
2025-11-04T19:16:40.455233+00:00,Agent_167,2020,Wrong direction
2025-11-04T19:16:41.042356+00:00,Agent_168,2020,Wrong direction
2025-11-04T19:16:41.478645+00:00,Agent_169,2020,Right direction
2025-11-04T19:16:42.195513+00:00,Agent_170,2020,Wrong direction
2025-11-04T19:16:44.243429+00:00,Agent_171,2020,Right direction
2025-11-04T19:16:44.627824+00:00,Agent_172,2020,Right direction
2025-11-04T19:16:45.513210+00:00,Agent_173,2020,No opinion
2025-11-04T19:16:45.988590+00:00,Agent_174,2020,Right direction
2025-11-04T19:16:46.519342+00:00,Agent_175,2020,Right direction
2025-11-04T19:16:47.006758+00:00,Agent_176,2020,Wrong direction
2025-11-04T19:16:47.725845+00:00,Agent_177,2020,Right direction
2025-11-04T19:16:48.441058+00:00,Agent_178,2020,Right direction
2025-11-04T19:16:48.876502+00:00,Agent_179,2020,Wrong direction
2025-11-04T19:16:49.394593+00:00,Agent_180,2020,Right direction
2025-11-04T19:16:49.773261+00:00,Agent_181,2020,Right direction
2025-11-04T19:16:50.282329+00:00,Agent_182,2020,Wrong direction
2025-11-04T19:16:51.190264+00:00,Agent_183,2020,Wrong direction
2025-11-04T19:16:51.561214+00:00,Agent_184,2020,Wrong direction
2025-11-04T19:16:51.988138+00:00,Agent_185,2020,Wrong direction
2025-11-04T19:16:52.451001+00:00,Agent_186,2020,Wrong direction
2025-11-04T19:16:53.052685+00:00,Agent_187,2020,Right direction
2025-11-04T19:16:53.556015+00:00,Agent_188,2020,Right direction
2025-11-04T19:16:53.946477+00:00,Agent_189,2020,Right direction
2025-11-04T19:16:54.663352+00:00,Agent_190,2020,Wrong direction
2025-11-04T19:16:55.400914+00:00,Agent_191,2020,Right direction
2025-11-04T19:16:55.790156+00:00,Agent_192,2020,Right direction
2025-11-04T19:16:56.282885+00:00,Agent_193,2020,Wrong direction
2025-11-04T19:16:56.788349+00:00,Agent_194,2020,Wrong direction
2025-11-04T19:16:57.250541+00:00,Agent_195,2020,Wrong direction
2025-11-04T19:16:57.535222+00:00,Agent_196,2020,Wrong direction
2025-11-04T19:16:58.100075+00:00,Agent_197,2020,No opinion
2025-11-04T19:16:58.627103+00:00,Agent_198,2020,Right direction
2025-11-04T19:16:59.091303+00:00,Agent_199,2020,Right direction
2025-11-04T19:16:59.583306+00:00,Agent_200,2020,Right direction
2025-11-04T19:16:59.994931+00:00,Agent_201,2020,Wrong direction
2025-11-04T19:17:00.381427+00:00,Agent_202,2020,Right direction
2025-11-04T19:17:00.836535+00:00,Agent_203,2020,Wrong direction
2025-11-04T19:17:01.205764+00:00,Agent_204,2020,Right direction
2025-11-04T19:17:01.822366+00:00,Agent_205,2020,Wrong direction
2025-11-04T19:17:02.307764+00:00,Agent_206,2020,Right direction
2025-11-04T19:17:03.173126+00:00,Agent_207,2020,Wrong direction
2025-11-04T19:17:03.816988+00:00,Agent_208,2020,Right direction
2025-11-04T19:17:04.945685+00:00,Agent_209,2020,Wrong direction
2025-11-04T19:17:05.529273+00:00,Agent_210,2020,Wrong direction
2025-11-04T19:17:07.098910+00:00,Agent_211,2020,Wrong direction
2025-11-04T19:17:07.579558+00:00,Agent_212,2020,No opinion
2025-11-04T19:17:08.067989+00:00,Agent_213,2020,Wrong direction
2025-11-04T19:17:08.447429+00:00,Agent_214,2020,Wrong direction
2025-11-04T19:17:08.767599+00:00,Agent_215,2020,Wrong direction
2025-11-04T19:17:09.202352+00:00,Agent_216,2020,Right direction
2025-11-04T19:17:09.524879+00:00,Agent_217,2020,Wrong direction
2025-11-04T19:17:10.112197+00:00,Agent_218,2020,No opinion
2025-11-04T19:17:10.419316+00:00,Agent_219,2020,Right direction
2025-11-04T19:17:10.930126+00:00,Agent_220,2020,Right direction
2025-11-04T19:17:11.279670+00:00,Agent_221,2020,Wrong direction
2025-11-04T19:17:11.656855+00:00,Agent_222,2020,Right direction
2025-11-04T19:17:12.223204+00:00,Agent_223,2020,Wrong direction
2025-11-04T19:17:12.593454+00:00,Agent_224,2020,Wrong direction
2025-11-04T19:17:13.332578+00:00,Agent_225,2020,No opinion
2025-11-04T19:17:13.758479+00:00,Agent_226,2020,No opinion
2025-11-04T19:17:14.119252+00:00,Agent_227,2020,Right direction
2025-11-04T19:17:14.536731+00:00,Agent_228,2020,Wrong direction
2025-11-04T19:17:14.962021+00:00,Agent_229,2020,Wrong direction
2025-11-04T19:17:15.473393+00:00,Agent_230,2020,Wrong direction
2025-11-04T19:17:15.846085+00:00,Agent_231,2020,Wrong direction
2025-11-04T19:17:16.187604+00:00,Agent_232,2020,Right direction
2025-11-04T19:17:16.715405+00:00,Agent_233,2020,Right direction
2025-11-04T19:17:17.205122+00:00,Agent_234,2020,Wrong direction
2025-11-04T19:17:17.828259+00:00,Agent_235,2020,Right direction
2025-11-04T19:17:18.442867+00:00,Agent_236,2020,Wrong direction
2025-11-04T19:17:18.853627+00:00,Agent_237,2020,Right direction
2025-11-04T19:17:20.468097+00:00,Agent_238,2020,Right direction
2025-11-04T19:17:20.844581+00:00,Agent_239,2020,Right direction
2025-11-04T19:17:21.293629+00:00,Agent_240,2020,Right direction
2025-11-04T19:17:21.841894+00:00,Agent_241,2020,Wrong direction
2025-11-04T19:17:22.542020+00:00,Agent_242,2020,Right direction
2025-11-04T19:17:23.974990+00:00,Agent_243,2020,Right direction
2025-11-04T19:17:24.589855+00:00,Agent_244,2020,Wrong direction
2025-11-04T19:17:25.205060+00:00,Agent_245,2020,Wrong direction
2025-11-04T19:17:25.716105+00:00,Agent_246,2020,Wrong direction
2025-11-04T19:17:26.121088+00:00,Agent_247,2020,Right direction
2025-11-04T19:17:26.666855+00:00,Agent_248,2020,Wrong direction
2025-11-04T19:17:27.070447+00:00,Agent_249,2020,Wrong direction
2025-11-04T19:17:27.504468+00:00,Agent_250,2020,Right direction
2025-11-04T19:17:27.847609+00:00,Agent_251,2020,Right direction
2025-11-04T19:17:28.152089+00:00,Agent_252,2020,Wrong direction
2025-11-04T19:17:28.525010+00:00,Agent_253,2020,Right direction
2025-11-04T19:17:29.106220+00:00,Agent_254,2020,Wrong direction
2025-11-04T19:17:29.396312+00:00,Agent_255,2020,Wrong direction
2025-11-04T19:17:29.949368+00:00,Agent_256,2020,No opinion
2025-11-04T19:17:30.314245+00:00,Agent_257,2020,Wrong direction
2025-11-04T19:17:30.874087+00:00,Agent_258,2020,Right direction
2025-11-04T19:17:31.314244+00:00,Agent_259,2020,Right direction
2025-11-04T19:17:31.836095+00:00,Agent_260,2020,Wrong direction
2025-11-04T19:17:32.181131+00:00,Agent_261,2020,Wrong direction
2025-11-04T19:17:32.574770+00:00,Agent_262,2020,Right direction
2025-11-04T19:17:32.878112+00:00,Agent_263,2020,Wrong direction
2025-11-04T19:17:33.161864+00:00,Agent_264,2020,Right direction
2025-11-04T19:17:33.568435+00:00,Agent_265,2020,Wrong direction
2025-11-04T19:17:33.937325+00:00,Agent_266,2020,Wrong direction
2025-11-04T19:17:34.314391+00:00,Agent_267,2020,Wrong direction
2025-11-04T19:17:34.725231+00:00,Agent_268,2020,Wrong direction
2025-11-04T19:17:35.414874+00:00,Agent_269,2020,Right direction
2025-11-04T19:17:35.971319+00:00,Agent_270,2020,Right direction
2025-11-04T19:17:36.378242+00:00,Agent_271,2020,Wrong direction
2025-11-04T19:17:36.829996+00:00,Agent_272,2020,Right direction
2025-11-04T19:17:37.288181+00:00,Agent_273,2020,Wrong direction
2025-11-04T19:17:39.304692+00:00,Agent_274,2020,Wrong direction
2025-11-04T19:17:39.773304+00:00,Agent_275,2020,Wrong direction
2025-11-04T19:17:40.113761+00:00,Agent_276,2020,Right direction
2025-11-04T19:17:40.867980+00:00,Agent_277,2020,No opinion
2025-11-04T19:17:41.278230+00:00,Agent_278,2020,No opinion
2025-11-04T19:17:41.995344+00:00,Agent_279,2020,Right direction
2025-11-04T19:17:42.380523+00:00,Agent_280,2020,Wrong direction
2025-11-04T19:17:43.222355+00:00,Agent_281,2020,Wrong direction
2025-11-04T19:17:43.674175+00:00,Agent_282,2020,Right direction
2025-11-04T19:17:44.188653+00:00,Agent_283,2020,Wrong direction
2025-11-04T19:17:44.639646+00:00,Agent_284,2020,Wrong direction
2025-11-04T19:17:45.008308+00:00,Agent_285,2020,Right direction
2025-11-04T19:17:46.715548+00:00,Agent_286,2020,Wrong direction
2025-11-04T19:17:47.114811+00:00,Agent_287,2020,Right direction
2025-11-04T19:17:47.624596+00:00,Agent_288,2020,Right direction
2025-11-04T19:17:48.264271+00:00,Agent_289,2020,Right direction
2025-11-04T19:17:48.972997+00:00,Agent_290,2020,Wrong direction
2025-11-04T19:17:49.375909+00:00,Agent_291,2020,Wrong direction
2025-11-04T19:17:49.896300+00:00,Agent_292,2020,Wrong direction
2025-11-04T19:17:50.390272+00:00,Agent_293,2020,No opinion
2025-11-04T19:17:50.760711+00:00,Agent_294,2020,Wrong direction
2025-11-04T19:17:51.378483+00:00,Agent_295,2020,No opinion
2025-11-04T19:17:51.785637+00:00,Agent_296,2020,Wrong direction
2025-11-04T19:17:52.203932+00:00,Agent_297,2020,Wrong direction
2025-11-04T19:17:52.706243+00:00,Agent_298,2020,No opinion
2025-11-04T19:17:53.076732+00:00,Agent_299,2020,Wrong direction
2025-11-04T19:17:53.704579+00:00,Agent_300,2020,Right direction
2025-11-04T19:17:54.054744+00:00,Agent_301,2020,Wrong direction
2025-11-04T19:17:54.489520+00:00,Agent_302,2020,Wrong direction
2025-11-04T19:17:54.997517+00:00,Agent_303,2020,Wrong direction
2025-11-04T19:17:55.328683+00:00,Agent_304,2020,Right direction
2025-11-04T19:17:55.815862+00:00,Agent_305,2020,Wrong direction
2025-11-04T19:17:56.635991+00:00,Agent_306,2020,Wrong direction
2025-11-04T19:17:57.020342+00:00,Agent_307,2020,Right direction
2025-11-04T19:17:57.305326+00:00,Agent_308,2020,Wrong direction
2025-11-04T19:17:58.277831+00:00,Agent_309,2020,Right direction
2025-11-04T19:17:58.749718+00:00,Agent_310,2020,Right direction
2025-11-04T19:17:59.199998+00:00,Agent_311,2020,Right direction
2025-11-04T19:17:59.606378+00:00,Agent_312,2020,Right direction
2025-11-04T19:17:59.920349+00:00,Agent_313,2020,Right direction
2025-11-04T19:18:00.321956+00:00,Agent_314,2020,Wrong direction
2025-11-04T19:18:00.746887+00:00,Agent_315,2020,Wrong direction
2025-11-04T19:18:01.334797+00:00,Agent_316,2020,Right direction
2025-11-04T19:18:01.858391+00:00,Agent_317,2020,Right direction
2025-11-04T19:18:02.423608+00:00,Agent_318,2020,Right direction
2025-11-04T19:18:02.986035+00:00,Agent_319,2020,Wrong direction
2025-11-04T19:18:03.397736+00:00,Agent_320,2020,Wrong direction
2025-11-04T19:18:05.122076+00:00,Agent_321,2020,Wrong direction
2025-11-04T19:18:05.925984+00:00,Agent_322,2020,Wrong direction
2025-11-04T19:18:06.369235+00:00,Agent_323,2020,Wrong direction
2025-11-04T19:18:06.959157+00:00,Agent_324,2020,Wrong direction
2025-11-04T19:18:07.389812+00:00,Agent_325,2020,Wrong direction
2025-11-04T19:18:07.797839+00:00,Agent_326,2020,Right direction
2025-11-04T19:18:08.341557+00:00,Agent_327,2020,Wrong direction
2025-11-04T19:18:08.891683+00:00,Agent_328,2020,Right direction
2025-11-04T19:18:09.300185+00:00,Agent_329,2020,No opinion
2025-11-04T19:18:09.849618+00:00,Agent_330,2020,Wrong direction
2025-11-04T19:18:10.183145+00:00,Agent_331,2020,Wrong direction
2025-11-04T19:18:10.767912+00:00,Agent_332,2020,Wrong direction
2025-11-04T19:18:11.279410+00:00,Agent_333,2020,Wrong direction
2025-11-04T19:18:11.792521+00:00,Agent_334,2020,Wrong direction
2025-11-04T19:18:12.167733+00:00,Agent_335,2020,Wrong direction
2025-11-04T19:18:12.711749+00:00,Agent_336,2020,Right direction
2025-11-04T19:18:13.300393+00:00,Agent_337,2020,Wrong direction
2025-11-04T19:18:13.821780+00:00,Agent_338,2020,Right direction
2025-11-04T19:18:14.459284+00:00,Agent_339,2020,Right direction
2025-11-04T19:18:15.203259+00:00,Agent_340,2020,Wrong direction
2025-11-04T19:18:15.684585+00:00,Agent_341,2020,Wrong direction
2025-11-04T19:18:16.093203+00:00,Agent_342,2020,Wrong direction
2025-11-04T19:18:16.758229+00:00,Agent_343,2020,Wrong direction
2025-11-04T19:18:18.417308+00:00,Agent_344,2020,Wrong direction
2025-11-04T19:18:18.689127+00:00,Agent_345,2020,Right direction
2025-11-04T19:18:19.163694+00:00,Agent_346,2020,Wrong direction
2025-11-04T19:18:19.644123+00:00,Agent_347,2020,Wrong direction
2025-11-04T19:18:20.084275+00:00,Agent_348,2020,Wrong direction
2025-11-04T19:18:20.611228+00:00,Agent_349,2020,Wrong direction
2025-11-04T19:18:21.128233+00:00,Agent_350,2020,Right direction
2025-11-04T19:18:21.851682+00:00,Agent_351,2020,Wrong direction
2025-11-04T19:18:22.321810+00:00,Agent_352,2020,Wrong direction
2025-11-04T19:18:22.697186+00:00,Agent_353,2020,Right direction
2025-11-04T19:18:23.183764+00:00,Agent_354,2020,Right direction
2025-11-04T19:18:23.496650+00:00,Agent_355,2020,Wrong direction
2025-11-04T19:18:23.965667+00:00,Agent_356,2020,Right direction
2025-11-04T19:18:24.377638+00:00,Agent_357,2020,Wrong direction
2025-11-04T19:18:24.902984+00:00,Agent_358,2020,Wrong direction
2025-11-04T19:18:25.310735+00:00,Agent_359,2020,Wrong direction
2025-11-04T19:18:25.670468+00:00,Agent_360,2020,Wrong direction
2025-11-04T19:18:26.096437+00:00,Agent_361,2020,Right direction
2025-11-04T19:18:26.463865+00:00,Agent_362,2020,Wrong direction
2025-11-04T19:18:26.931082+00:00,Agent_363,2020,Wrong direction
2025-11-04T19:18:27.358623+00:00,Agent_364,2020,Wrong direction
2025-11-04T19:18:28.186545+00:00,Agent_365,2020,Right direction
2025-11-04T19:18:28.585819+00:00,Agent_366,2020,Wrong direction
2025-11-04T19:18:29.098041+00:00,Agent_367,2020,Wrong direction
2025-11-04T19:18:29.590866+00:00,Agent_368,2020,Right direction
2025-11-04T19:18:29.855240+00:00,Agent_369,2020,Wrong direction
2025-11-04T19:18:30.850588+00:00,Agent_370,2020,Right direction
2025-11-04T19:18:32.812106+00:00,Agent_371,2020,Wrong direction
2025-11-04T19:18:33.297118+00:00,Agent_372,2020,Wrong direction
2025-11-04T19:18:33.681825+00:00,Agent_373,2020,Wrong direction
2025-11-04T19:18:33.996308+00:00,Agent_374,2020,Right direction
2025-11-04T19:18:34.776736+00:00,Agent_375,2020,Wrong direction
2025-11-04T19:18:35.115079+00:00,Agent_376,2020,Wrong direction
2025-11-04T19:18:35.651694+00:00,Agent_377,2020,Wrong direction
2025-11-04T19:18:36.719611+00:00,Agent_378,2020,Wrong direction
2025-11-04T19:18:37.187136+00:00,Agent_379,2020,Wrong direction
2025-11-04T19:18:37.699359+00:00,Agent_380,2020,Right direction
2025-11-04T19:18:38.109121+00:00,Agent_381,2020,No opinion
2025-11-04T19:18:38.484203+00:00,Agent_382,2020,Right direction
2025-11-04T19:18:39.813610+00:00,Agent_383,2020,Wrong direction
2025-11-04T19:18:40.192477+00:00,Agent_384,2020,Wrong direction
2025-11-04T19:18:40.527272+00:00,Agent_385,2020,Right direction
2025-11-04T19:18:41.074149+00:00,Agent_386,2020,Right direction
2025-11-04T19:18:41.461494+00:00,Agent_387,2020,Right direction
2025-11-04T19:18:41.949047+00:00,Agent_388,2020,No opinion
2025-11-04T19:18:42.414528+00:00,Agent_389,2020,Wrong direction
2025-11-04T19:18:43.092875+00:00,Agent_390,2020,Right direction
2025-11-04T19:18:43.389650+00:00,Agent_391,2020,Wrong direction
2025-11-04T19:18:46.102090+00:00,Agent_392,2020,Wrong direction
2025-11-04T19:18:46.626164+00:00,Agent_393,2020,Right direction
2025-11-04T19:18:47.067269+00:00,Agent_394,2020,Wrong direction
2025-11-04T19:18:48.821033+00:00,Agent_395,2020,No opinion
2025-11-04T19:18:49.261048+00:00,Agent_396,2020,Wrong direction
2025-11-04T19:18:49.783020+00:00,Agent_397,2020,Right direction
2025-11-04T19:18:50.190800+00:00,Agent_398,2020,Wrong direction
2025-11-04T19:18:50.501192+00:00,Agent_399,2020,Right direction
2025-11-04T19:18:50.901028+00:00,Agent_400,2020,Wrong direction
2025-11-04T19:18:51.180663+00:00,Agent_401,2020,Right direction
2025-11-04T19:18:51.567590+00:00,Agent_402,2020,No opinion
2025-11-04T19:18:52.074493+00:00,Agent_403,2020,Right direction
2025-11-04T19:18:52.484797+00:00,Agent_404,2020,Wrong direction
2025-11-04T19:18:52.780622+00:00,Agent_405,2020,Wrong direction
2025-11-04T19:18:53.262837+00:00,Agent_406,2020,Right direction
2025-11-04T19:18:53.922289+00:00,Agent_407,2020,Wrong direction
2025-11-04T19:18:54.222321+00:00,Agent_408,2020,Right direction
2025-11-04T19:18:54.591361+00:00,Agent_409,2020,Right direction
2025-11-04T19:18:55.028019+00:00,Agent_410,2020,Right direction
2025-11-04T19:18:55.624760+00:00,Agent_411,2020,Wrong direction
2025-11-04T19:18:56.097234+00:00,Agent_412,2020,Right direction
2025-11-04T19:18:56.591988+00:00,Agent_413,2020,No opinion
2025-11-04T19:18:57.207521+00:00,Agent_414,2020,Right direction
2025-11-04T19:18:57.500025+00:00,Agent_415,2020,No opinion
2025-11-04T19:18:57.806575+00:00,Agent_416,2020,No opinion
2025-11-04T19:18:58.253377+00:00,Agent_417,2020,Right direction
2025-11-04T19:18:58.555628+00:00,Agent_418,2020,Wrong direction
2025-11-04T19:18:59.081686+00:00,Agent_419,2020,Right direction
2025-11-04T19:18:59.744215+00:00,Agent_420,2020,Wrong direction
2025-11-04T19:19:00.211485+00:00,Agent_421,2020,Wrong direction
2025-11-04T19:19:01.043448+00:00,Agent_422,2020,Right direction
2025-11-04T19:19:01.510066+00:00,Agent_423,2020,Wrong direction
2025-11-04T19:19:01.862107+00:00,Agent_424,2020,Right direction
2025-11-04T19:19:02.352745+00:00,Agent_425,2020,Wrong direction
2025-11-04T19:19:02.766831+00:00,Agent_426,2020,Wrong direction
2025-11-04T19:19:03.064310+00:00,Agent_427,2020,Wrong direction
2025-11-04T19:19:03.520997+00:00,Agent_428,2020,Wrong direction
2025-11-04T19:19:04.227330+00:00,Agent_429,2020,Wrong direction
2025-11-04T19:19:04.830592+00:00,Agent_430,2020,Wrong direction
2025-11-04T19:19:05.303185+00:00,Agent_431,2020,Right direction
2025-11-04T19:19:05.745748+00:00,Agent_432,2020,Right direction
2025-11-04T19:19:06.259178+00:00,Agent_433,2020,Wrong direction
2025-11-04T19:19:06.933496+00:00,Agent_434,2020,No opinion
2025-11-04T19:19:07.269750+00:00,Agent_435,2020,Right direction
2025-11-04T19:19:07.556605+00:00,Agent_436,2020,Right direction
2025-11-04T19:19:08.044942+00:00,Agent_437,2020,Wrong direction
2025-11-04T19:19:08.546838+00:00,Agent_438,2020,Right direction
2025-11-04T19:19:08.963093+00:00,Agent_439,2020,No opinion
2025-11-04T19:19:09.360648+00:00,Agent_440,2020,Right direction
2025-11-04T19:19:09.727614+00:00,Agent_441,2020,Wrong direction
2025-11-04T19:19:10.035156+00:00,Agent_442,2020,Wrong direction
2025-11-04T19:19:11.713580+00:00,Agent_443,2020,Wrong direction
2025-11-04T19:19:12.107482+00:00,Agent_444,2020,Wrong direction
2025-11-04T19:19:12.717643+00:00,Agent_445,2020,Right direction
2025-11-04T19:19:14.874126+00:00,Agent_446,2020,Wrong direction
2025-11-04T19:19:15.457688+00:00,Agent_447,2020,Right direction
2025-11-04T19:19:15.833663+00:00,Agent_448,2020,Right direction
2025-11-04T19:19:16.164223+00:00,Agent_449,2020,Wrong direction
2025-11-04T19:19:16.938427+00:00,Agent_450,2020,Right direction
2025-11-04T19:19:17.278401+00:00,Agent_451,2020,Right direction
2025-11-04T19:19:17.737089+00:00,Agent_452,2020,No opinion
2025-11-04T19:19:18.310714+00:00,Agent_453,2020,Right direction
2025-11-04T19:19:18.784106+00:00,Agent_454,2020,Wrong direction
2025-11-04T19:19:19.581212+00:00,Agent_455,2020,Right direction
2025-11-04T19:19:20.402646+00:00,Agent_456,2020,Right direction
2025-11-04T19:19:20.868826+00:00,Agent_457,2020,Wrong direction
2025-11-04T19:19:22.347576+00:00,Agent_458,2020,Wrong direction
2025-11-04T19:19:22.854991+00:00,Agent_459,2020,Wrong direction
2025-11-04T19:19:23.611084+00:00,Agent_460,2020,Wrong direction
2025-11-04T19:19:24.017648+00:00,Agent_461,2020,Wrong direction
2025-11-04T19:19:24.462937+00:00,Agent_462,2020,Wrong direction
2025-11-04T19:19:24.829245+00:00,Agent_463,2020,Wrong direction
2025-11-04T19:19:25.210840+00:00,Agent_464,2020,Wrong direction
2025-11-04T19:19:25.735758+00:00,Agent_465,2020,No opinion
2025-11-04T19:19:26.340998+00:00,Agent_466,2020,Right direction
2025-11-04T19:19:26.975333+00:00,Agent_467,2020,Right direction
2025-11-04T19:19:27.468078+00:00,Agent_468,2020,Wrong direction
2025-11-04T19:19:28.292695+00:00,Agent_469,2020,Wrong direction
2025-11-04T19:19:29.315248+00:00,Agent_470,2020,Right direction
2025-11-04T19:19:29.921859+00:00,Agent_471,2020,Wrong direction
2025-11-04T19:19:30.469099+00:00,Agent_472,2020,Wrong direction
2025-11-04T19:19:30.964974+00:00,Agent_473,2020,Wrong direction
2025-11-04T19:19:31.664891+00:00,Agent_474,2020,Right direction
2025-11-04T19:19:32.143336+00:00,Agent_475,2020,Wrong direction
2025-11-04T19:19:32.726561+00:00,Agent_476,2020,No opinion
2025-11-04T19:19:33.098489+00:00,Agent_477,2020,Wrong direction
2025-11-04T19:19:33.867786+00:00,Agent_478,2020,Right direction
2025-11-04T19:19:34.296853+00:00,Agent_479,2020,Wrong direction
2025-11-04T19:19:34.631250+00:00,Agent_480,2020,Right direction
2025-11-04T19:19:35.041632+00:00,Agent_481,2020,No opinion
2025-11-04T19:19:35.468351+00:00,Agent_482,2020,Right direction
2025-11-04T19:19:36.170896+00:00,Agent_483,2020,Right direction
2025-11-04T19:19:36.461354+00:00,Agent_484,2020,Wrong direction
2025-11-04T19:19:36.966670+00:00,Agent_485,2020,Wrong direction
2025-11-04T19:19:37.503049+00:00,Agent_486,2020,Right direction
2025-11-04T19:19:37.795375+00:00,Agent_487,2020,No opinion
2025-11-04T19:19:38.226356+00:00,Agent_488,2020,Wrong direction
2025-11-04T19:19:38.526386+00:00,Agent_489,2020,Right direction
2025-11-04T19:19:39.165750+00:00,Agent_490,2020,Right direction
2025-11-04T19:19:39.754334+00:00,Agent_491,2020,Right direction
2025-11-04T19:19:40.233654+00:00,Agent_492,2020,Wrong direction
2025-11-04T19:19:40.488300+00:00,Agent_493,2020,Wrong direction
2025-11-04T19:19:40.783104+00:00,Agent_494,2020,Wrong direction
2025-11-04T19:19:41.228039+00:00,Agent_495,2020,Wrong direction
2025-11-04T19:19:41.801196+00:00,Agent_496,2020,Right direction
2025-11-04T19:19:42.278701+00:00,Agent_497,2020,Wrong direction
2025-11-04T19:19:42.720633+00:00,Agent_498,2020,Right direction
2025-11-04T19:19:43.821613+00:00,Agent_499,2020,Wrong direction
2025-11-04T19:19:44.319513+00:00,Agent_500,2020,Wrong direction
2025-11-04T19:19:44.664898+00:00,Agent_501,2020,Right direction
2025-11-04T19:19:45.383234+00:00,Agent_502,2020,Right direction
2025-11-04T19:19:45.916205+00:00,Agent_503,2020,Wrong direction
2025-11-04T19:19:46.306984+00:00,Agent_504,2020,Right direction
2025-11-04T19:19:46.632160+00:00,Agent_505,2020,Right direction
2025-11-04T19:19:47.106492+00:00,Agent_506,2020,Wrong direction
2025-11-04T19:19:47.446084+00:00,Agent_507,2020,Right direction
2025-11-04T19:19:47.751437+00:00,Agent_508,2020,Wrong direction
2025-11-04T19:19:48.316504+00:00,Agent_509,2020,No opinion
2025-11-04T19:19:48.926499+00:00,Agent_510,2020,No opinion
2025-11-04T19:19:49.272578+00:00,Agent_511,2020,No opinion
2025-11-04T19:19:49.790858+00:00,Agent_512,2020,Wrong direction
2025-11-04T19:19:50.220279+00:00,Agent_513,2020,Right direction
2025-11-04T19:19:50.864224+00:00,Agent_514,2020,Wrong direction
2025-11-04T19:19:51.338140+00:00,Agent_515,2020,Wrong direction
2025-11-04T19:19:52.019962+00:00,Agent_516,2020,Right direction
2025-11-04T19:19:52.490174+00:00,Agent_517,2020,Right direction
2025-11-04T19:19:53.018229+00:00,Agent_518,2020,Wrong direction
2025-11-04T19:19:53.622491+00:00,Agent_519,2020,Wrong direction
2025-11-04T19:19:54.032238+00:00,Agent_520,2020,No opinion
2025-11-04T19:19:54.482870+00:00,Agent_521,2020,No opinion
2025-11-04T19:19:54.922056+00:00,Agent_522,2020,Wrong direction
2025-11-04T19:19:55.397257+00:00,Agent_523,2020,Right direction
2025-11-04T19:19:55.777546+00:00,Agent_524,2020,Wrong direction
2025-11-04T19:19:56.196335+00:00,Agent_525,2020,Right direction
2025-11-04T19:19:56.627339+00:00,Agent_526,2020,Wrong direction
2025-11-04T19:19:57.077805+00:00,Agent_527,2020,Wrong direction
2025-11-04T19:19:57.651730+00:00,Agent_528,2020,Wrong direction
2025-11-04T19:19:58.012387+00:00,Agent_529,2020,Right direction
2025-11-04T19:19:58.338378+00:00,Agent_530,2020,Wrong direction
2025-11-04T19:19:58.693526+00:00,Agent_531,2020,Right direction
2025-11-04T19:19:59.207372+00:00,Agent_532,2020,Wrong direction
2025-11-04T19:19:59.600630+00:00,Agent_533,2020,Wrong direction
2025-11-04T19:20:00.026715+00:00,Agent_534,2020,Wrong direction
2025-11-04T19:20:00.435837+00:00,Agent_535,2020,Wrong direction
2025-11-04T19:20:00.944663+00:00,Agent_536,2020,Right direction
2025-11-04T19:20:01.457065+00:00,Agent_537,2020,Wrong direction
2025-11-04T19:20:01.855434+00:00,Agent_538,2020,Wrong direction
2025-11-04T19:20:02.278451+00:00,Agent_539,2020,Wrong direction
2025-11-04T19:20:02.997787+00:00,Agent_540,2020,Right direction
2025-11-04T19:20:03.308150+00:00,Agent_541,2020,No opinion
2025-11-04T19:20:03.816802+00:00,Agent_542,2020,Wrong direction
2025-11-04T19:20:04.129051+00:00,Agent_543,2020,No opinion
2025-11-04T19:20:04.844846+00:00,Agent_544,2020,Right direction
2025-11-04T19:20:05.658333+00:00,Agent_545,2020,No opinion
2025-11-04T19:20:06.071088+00:00,Agent_546,2020,Wrong direction
2025-11-04T19:20:06.581911+00:00,Agent_547,2020,Wrong direction
2025-11-04T19:20:07.197204+00:00,Agent_548,2020,Right direction
2025-11-04T19:20:07.707213+00:00,Agent_549,2020,Right direction
2025-11-04T19:20:08.012657+00:00,Agent_550,2020,Wrong direction
2025-11-04T19:20:08.526356+00:00,Agent_551,2020,Wrong direction
2025-11-04T19:20:09.037764+00:00,Agent_552,2020,Wrong direction
2025-11-04T19:20:09.555062+00:00,Agent_553,2020,Right direction
2025-11-04T19:20:10.165783+00:00,Agent_554,2020,Right direction
2025-11-04T19:20:10.680453+00:00,Agent_555,2020,Wrong direction
2025-11-04T19:20:11.292119+00:00,Agent_556,2020,Right direction
2025-11-04T19:20:11.703980+00:00,Agent_557,2020,No opinion
2025-11-04T19:20:12.110915+00:00,Agent_558,2020,No opinion
2025-11-04T19:20:12.585512+00:00,Agent_559,2020,Right direction
2025-11-04T19:20:13.239857+00:00,Agent_560,2020,Right direction
2025-11-04T19:20:13.832509+00:00,Agent_561,2020,Wrong direction
2025-11-04T19:20:14.364972+00:00,Agent_562,2020,Wrong direction
2025-11-04T19:20:14.981273+00:00,Agent_563,2020,Right direction
2025-11-04T19:20:15.494225+00:00,Agent_564,2020,Wrong direction
2025-11-04T19:20:16.004993+00:00,Agent_565,2020,No opinion
2025-11-04T19:20:16.516087+00:00,Agent_566,2020,Right direction
2025-11-04T19:20:16.925467+00:00,Agent_567,2020,Right direction
2025-11-04T19:20:17.438391+00:00,Agent_568,2020,Wrong direction
2025-11-04T19:20:17.950635+00:00,Agent_569,2020,Wrong direction
2025-11-04T19:20:18.360814+00:00,Agent_570,2020,Right direction
2025-11-04T19:20:18.975490+00:00,Agent_571,2020,Wrong direction
2025-11-04T19:20:19.382002+00:00,Agent_572,2020,Right direction
2025-11-04T19:20:20.612501+00:00,Agent_573,2020,Wrong direction
2025-11-04T19:20:21.207173+00:00,Agent_574,2020,No opinion
2025-11-04T19:20:21.738861+00:00,Agent_575,2020,Wrong direction
2025-11-04T19:20:22.253447+00:00,Agent_576,2020,Wrong direction
2025-11-04T19:20:22.661201+00:00,Agent_577,2020,Right direction
2025-11-04T19:20:23.274381+00:00,Agent_578,2020,Wrong direction
2025-11-04T19:20:23.887799+00:00,Agent_579,2020,Right direction
2025-11-04T19:20:24.502008+00:00,Agent_580,2020,Right direction
2025-11-04T19:20:25.053991+00:00,Agent_581,2020,Wrong direction
2025-11-04T19:20:25.528038+00:00,Agent_582,2020,Right direction
2025-11-04T19:20:26.138444+00:00,Agent_583,2020,Right direction
2025-11-04T19:20:26.654590+00:00,Agent_584,2020,Wrong direction
2025-11-04T19:20:27.264858+00:00,Agent_585,2020,Right direction
2025-11-04T19:20:27.906506+00:00,Agent_586,2020,No opinion
2025-11-04T19:20:28.314103+00:00,Agent_587,2020,No opinion
2025-11-04T19:20:28.698830+00:00,Agent_588,2020,Wrong direction
2025-11-04T19:20:29.111745+00:00,Agent_589,2020,Wrong direction
2025-11-04T19:20:29.623052+00:00,Agent_590,2020,No opinion
2025-11-04T19:20:32.119200+00:00,Agent_591,2020,Right direction
2025-11-04T19:20:32.593167+00:00,Agent_592,2020,Right direction
2025-11-04T19:20:33.355481+00:00,Agent_593,2020,Right direction
2025-11-04T19:20:35.151489+00:00,Agent_594,2020,Right direction
2025-11-04T19:20:35.519399+00:00,Agent_595,2020,No opinion
2025-11-04T19:20:35.796687+00:00,Agent_596,2020,Right direction
2025-11-04T19:20:36.278278+00:00,Agent_597,2020,Right direction
2025-11-04T19:20:36.774030+00:00,Agent_598,2020,Wrong direction
2025-11-04T19:20:38.992015+00:00,Agent_599,2020,Right direction
2025-11-04T19:20:39.621522+00:00,Agent_600,2020,Right direction
2025-11-04T19:20:40.067923+00:00,Agent_601,2020,Wrong direction
2025-11-04T19:20:40.678769+00:00,Agent_602,2020,Wrong direction
2025-11-04T19:20:41.037732+00:00,Agent_603,2020,Right direction
2025-11-04T19:20:41.530216+00:00,Agent_604,2020,Wrong direction
2025-11-04T19:20:41.912263+00:00,Agent_605,2020,Right direction
2025-11-04T19:20:42.423765+00:00,Agent_606,2020,No opinion
2025-11-04T19:20:42.850240+00:00,Agent_607,2020,Wrong direction
2025-11-04T19:20:43.156379+00:00,Agent_608,2020,Wrong direction
2025-11-04T19:20:43.497607+00:00,Agent_609,2020,Right direction
2025-11-04T19:20:43.959442+00:00,Agent_610,2020,Wrong direction
2025-11-04T19:20:44.365157+00:00,Agent_611,2020,No opinion
2025-11-04T19:20:44.776508+00:00,Agent_612,2020,Right direction
2025-11-04T19:20:45.159786+00:00,Agent_613,2020,Wrong direction
2025-11-04T19:20:45.881874+00:00,Agent_614,2020,Wrong direction
2025-11-04T19:20:46.405157+00:00,Agent_615,2020,Wrong direction
2025-11-04T19:20:46.689996+00:00,Agent_616,2020,Wrong direction
2025-11-04T19:20:47.214866+00:00,Agent_617,2020,Right direction
2025-11-04T19:20:47.572387+00:00,Agent_618,2020,No opinion
2025-11-04T19:20:50.353337+00:00,Agent_619,2020,Right direction
2025-11-04T19:20:51.225777+00:00,Agent_620,2020,Right direction
2025-11-04T19:20:51.635984+00:00,Agent_621,2020,Wrong direction
2025-11-04T19:20:52.184048+00:00,Agent_622,2020,Right direction
2025-11-04T19:20:52.662961+00:00,Agent_623,2020,Wrong direction
2025-11-04T19:20:53.481651+00:00,Agent_624,2020,Right direction
2025-11-04T19:20:53.790296+00:00,Agent_625,2020,Right direction
2025-11-04T19:20:54.336386+00:00,Agent_626,2020,Wrong direction
2025-11-04T19:20:54.772765+00:00,Agent_627,2020,No opinion
2025-11-04T19:20:55.194126+00:00,Agent_628,2020,Right direction
2025-11-04T19:20:55.560995+00:00,Agent_629,2020,Right direction
2025-11-04T19:20:55.936748+00:00,Agent_630,2020,Wrong direction
2025-11-04T19:20:56.320363+00:00,Agent_631,2020,Wrong direction
2025-11-04T19:20:56.857606+00:00,Agent_632,2020,Wrong direction
2025-11-04T19:20:57.373976+00:00,Agent_633,2020,Wrong direction
2025-11-04T19:20:57.668011+00:00,Agent_634,2020,Right direction
2025-11-04T19:20:58.362888+00:00,Agent_635,2020,Wrong direction
2025-11-04T19:20:58.720603+00:00,Agent_636,2020,Wrong direction
2025-11-04T19:20:59.319090+00:00,Agent_637,2020,No opinion
2025-11-04T19:20:59.853111+00:00,Agent_638,2020,Wrong direction
2025-11-04T19:21:00.330994+00:00,Agent_639,2020,No opinion
2025-11-04T19:21:00.723974+00:00,Agent_640,2020,No opinion
2025-11-04T19:21:01.181548+00:00,Agent_641,2020,Wrong direction
2025-11-04T19:21:01.773787+00:00,Agent_642,2020,Right direction
2025-11-04T19:21:02.174931+00:00,Agent_643,2020,Wrong direction
2025-11-04T19:21:02.601237+00:00,Agent_644,2020,Wrong direction
2025-11-04T19:21:03.207985+00:00,Agent_645,2020,Wrong direction
2025-11-04T19:21:03.786934+00:00,Agent_646,2020,Wrong direction
2025-11-04T19:21:04.333210+00:00,Agent_647,2020,Right direction
2025-11-04T19:21:05.257147+00:00,Agent_648,2020,Wrong direction
2025-11-04T19:21:05.565014+00:00,Agent_649,2020,Wrong direction
2025-11-04T19:21:07.508940+00:00,Agent_650,2020,Right direction
2025-11-04T19:21:08.223843+00:00,Agent_651,2020,Right direction
2025-11-04T19:21:08.753202+00:00,Agent_652,2020,Wrong direction
2025-11-04T19:21:09.453260+00:00,Agent_653,2020,No opinion
2025-11-04T19:21:10.338115+00:00,Agent_654,2020,Wrong direction
2025-11-04T19:21:10.767709+00:00,Agent_655,2020,Wrong direction
2025-11-04T19:21:11.286864+00:00,Agent_656,2020,Right direction
2025-11-04T19:21:11.705192+00:00,Agent_657,2020,Right direction
2025-11-04T19:21:12.147048+00:00,Agent_658,2020,No opinion
2025-11-04T19:21:16.007735+00:00,Agent_659,2020,Wrong direction
2025-11-04T19:21:16.369667+00:00,Agent_660,2020,Right direction
2025-11-04T19:21:16.723878+00:00,Agent_661,2020,Wrong direction
2025-11-04T19:21:17.134120+00:00,Agent_662,2020,Wrong direction
2025-11-04T19:21:17.723882+00:00,Agent_663,2020,Wrong direction
2025-11-04T19:21:18.219860+00:00,Agent_664,2020,Right direction
2025-11-04T19:21:19.018546+00:00,Agent_665,2020,Wrong direction
2025-11-04T19:21:19.526090+00:00,Agent_666,2020,Right direction
2025-11-04T19:21:19.964080+00:00,Agent_667,2020,Right direction
2025-11-04T19:21:20.390989+00:00,Agent_668,2020,Right direction
2025-11-04T19:21:21.148459+00:00,Agent_669,2020,Right direction
2025-11-04T19:21:21.507172+00:00,Agent_670,2020,Right direction
2025-11-04T19:21:21.910448+00:00,Agent_671,2020,Right direction
2025-11-04T19:21:22.352651+00:00,Agent_672,2020,Right direction
2025-11-04T19:21:22.972096+00:00,Agent_673,2020,Right direction
2025-11-04T19:21:23.341942+00:00,Agent_674,2020,Wrong direction
2025-11-04T19:21:23.896999+00:00,Agent_675,2020,Wrong direction
2025-11-04T19:21:24.366338+00:00,Agent_676,2020,Wrong direction
2025-11-04T19:21:24.919443+00:00,Agent_677,2020,Right direction
2025-11-04T19:21:25.327004+00:00,Agent_678,2020,Wrong direction
2025-11-04T19:21:25.736284+00:00,Agent_679,2020,Wrong direction
2025-11-04T19:21:26.045072+00:00,Agent_680,2020,Wrong direction
2025-11-04T19:21:26.552713+00:00,Agent_681,2020,Wrong direction
2025-11-04T19:21:26.963275+00:00,Agent_682,2020,Wrong direction
2025-11-04T19:21:27.481152+00:00,Agent_683,2020,Wrong direction
2025-11-04T19:21:27.989821+00:00,Agent_684,2020,Wrong direction
2025-11-04T19:21:28.363007+00:00,Agent_685,2020,Wrong direction
2025-11-04T19:21:29.049495+00:00,Agent_686,2020,Right direction
2025-11-04T19:21:30.242247+00:00,Agent_687,2020,Wrong direction
2025-11-04T19:21:30.741621+00:00,Agent_688,2020,Wrong direction
2025-11-04T19:21:31.307019+00:00,Agent_689,2020,Right direction
2025-11-04T19:21:31.722822+00:00,Agent_690,2020,Wrong direction
2025-11-04T19:21:32.326484+00:00,Agent_691,2020,Right direction
2025-11-04T19:21:32.670924+00:00,Agent_692,2020,Wrong direction
2025-11-04T19:21:33.018192+00:00,Agent_693,2020,Right direction
2025-11-04T19:21:33.286956+00:00,Agent_694,2020,Right direction
2025-11-04T19:21:37.267250+00:00,Agent_695,2020,Right direction
2025-11-04T19:21:37.846410+00:00,Agent_696,2020,Wrong direction
2025-11-04T19:21:38.202909+00:00,Agent_697,2020,Wrong direction
2025-11-04T19:21:38.655453+00:00,Agent_698,2020,Right direction
2025-11-04T19:21:39.540166+00:00,Agent_699,2020,Right direction
2025-11-04T19:21:40.018438+00:00,Agent_700,2020,Right direction
2025-11-04T19:21:40.379916+00:00,Agent_701,2020,Wrong direction
2025-11-04T19:21:41.323645+00:00,Agent_702,2020,Wrong direction
2025-11-04T19:21:41.631744+00:00,Agent_703,2020,Wrong direction
2025-11-04T19:21:44.954722+00:00,Agent_704,2020,Right direction
2025-11-04T19:21:45.310534+00:00,Agent_705,2020,Wrong direction
2025-11-04T19:21:45.629728+00:00,Agent_706,2020,Wrong direction
2025-11-04T19:21:46.422021+00:00,Agent_707,2020,Right direction
2025-11-04T19:21:46.880190+00:00,Agent_708,2020,Wrong direction
2025-11-04T19:21:47.340442+00:00,Agent_709,2020,Wrong direction
2025-11-04T19:21:47.748650+00:00,Agent_710,2020,Right direction
2025-11-04T19:21:48.167827+00:00,Agent_711,2020,Right direction
2025-11-04T19:21:48.567726+00:00,Agent_712,2020,Wrong direction
2025-11-04T19:21:48.946670+00:00,Agent_713,2020,Wrong direction
2025-11-04T19:21:49.281806+00:00,Agent_714,2020,Wrong direction
2025-11-04T19:21:49.796254+00:00,Agent_715,2020,Right direction
2025-11-04T19:21:50.130958+00:00,Agent_716,2020,Right direction
2025-11-04T19:21:50.587900+00:00,Agent_717,2020,Wrong direction
2025-11-04T19:21:51.826363+00:00,Agent_718,2020,No opinion
2025-11-04T19:21:52.437272+00:00,Agent_719,2020,No opinion
2025-11-04T19:21:52.896159+00:00,Agent_720,2020,Right direction
2025-11-04T19:21:55.431447+00:00,Agent_721,2020,Wrong direction
2025-11-04T19:21:55.839696+00:00,Agent_722,2020,Right direction
2025-11-04T19:21:56.961482+00:00,Agent_723,2020,Wrong direction
2025-11-04T19:21:57.789112+00:00,Agent_724,2020,Right direction
2025-11-04T19:21:58.099520+00:00,Agent_725,2020,Right direction
2025-11-04T19:21:58.606430+00:00,Agent_726,2020,Wrong direction
2025-11-04T19:21:59.014605+00:00,Agent_727,2020,Wrong direction
2025-11-04T19:21:59.485926+00:00,Agent_728,2020,Wrong direction
2025-11-04T19:21:59.934981+00:00,Agent_729,2020,Wrong direction
2025-11-04T19:22:00.551793+00:00,Agent_730,2020,Wrong direction
2025-11-04T19:22:01.164222+00:00,Agent_731,2020,Right direction
2025-11-04T19:22:01.578084+00:00,Agent_732,2020,No opinion
2025-11-04T19:22:02.018710+00:00,Agent_733,2020,Wrong direction
2025-11-04T19:22:02.531900+00:00,Agent_734,2020,Right direction
2025-11-04T19:22:03.496460+00:00,Agent_735,2020,Wrong direction
2025-11-04T19:22:03.966176+00:00,Agent_736,2020,Wrong direction
2025-11-04T19:22:04.852592+00:00,Agent_737,2020,Wrong direction
2025-11-04T19:22:05.568303+00:00,Agent_738,2020,Wrong direction
2025-11-04T19:22:06.082476+00:00,Agent_739,2020,Right direction
2025-11-04T19:22:06.797720+00:00,Agent_740,2020,Wrong direction
2025-11-04T19:22:07.312815+00:00,Agent_741,2020,No opinion
2025-11-04T19:22:07.925797+00:00,Agent_742,2020,Right direction
2025-11-04T19:22:08.537812+00:00,Agent_743,2020,Wrong direction
2025-11-04T19:22:08.951483+00:00,Agent_744,2020,Right direction
2025-11-04T19:22:09.463665+00:00,Agent_745,2020,Right direction
2025-11-04T19:22:09.871550+00:00,Agent_746,2020,Right direction
2025-11-04T19:22:10.383584+00:00,Agent_747,2020,Right direction
2025-11-04T19:22:10.999412+00:00,Agent_748,2020,No opinion
2025-11-04T19:22:11.547914+00:00,Agent_749,2020,Wrong direction
2025-11-04T19:22:12.085305+00:00,Agent_750,2020,Wrong direction
2025-11-04T19:22:12.623041+00:00,Agent_751,2020,Wrong direction
2025-11-04T19:22:13.106084+00:00,Agent_752,2020,Right direction
2025-11-04T19:22:13.659743+00:00,Agent_753,2020,Wrong direction
2025-11-04T19:22:14.070299+00:00,Agent_754,2020,Wrong direction
2025-11-04T19:22:14.373478+00:00,Agent_755,2020,Right direction
2025-11-04T19:22:14.989639+00:00,Agent_756,2020,Right direction
2025-11-04T19:22:15.602708+00:00,Agent_757,2020,Wrong direction
2025-11-04T19:22:16.117580+00:00,Agent_758,2020,Right direction
2025-11-04T19:22:17.142662+00:00,Agent_759,2020,Right direction
2025-11-04T19:22:17.753120+00:00,Agent_760,2020,No opinion
2025-11-04T19:22:18.367232+00:00,Agent_761,2020,No opinion
2025-11-04T19:22:18.882508+00:00,Agent_762,2020,No opinion
2025-11-04T19:22:19.293140+00:00,Agent_763,2020,Wrong direction
2025-11-04T19:22:19.908668+00:00,Agent_764,2020,Right direction
2025-11-04T19:22:20.519051+00:00,Agent_765,2020,Right direction
2025-11-04T19:22:21.132011+00:00,Agent_766,2020,Right direction
2025-11-04T19:22:22.262497+00:00,Agent_767,2020,Wrong direction
2025-11-04T19:22:22.872505+00:00,Agent_768,2020,Wrong direction
2025-11-04T19:22:23.390375+00:00,Agent_769,2020,Right direction
2025-11-04T19:22:23.901005+00:00,Agent_770,2020,Right direction
2025-11-04T19:22:24.312600+00:00,Agent_771,2020,Wrong direction
2025-11-04T19:22:24.826701+00:00,Agent_772,2020,No opinion
2025-11-04T19:22:25.418081+00:00,Agent_773,2020,Right direction
2025-11-04T19:22:25.709918+00:00,Agent_774,2020,Wrong direction
2025-11-04T19:22:26.364189+00:00,Agent_775,2020,Wrong direction
2025-11-04T19:22:26.798237+00:00,Agent_776,2020,Wrong direction
2025-11-04T19:22:27.131808+00:00,Agent_777,2020,Wrong direction
2025-11-04T19:22:27.566416+00:00,Agent_778,2020,Right direction
2025-11-04T19:22:27.996234+00:00,Agent_779,2020,No opinion
2025-11-04T19:22:28.506069+00:00,Agent_780,2020,Wrong direction
2025-11-04T19:22:28.806832+00:00,Agent_781,2020,Right direction
2025-11-04T19:22:29.223024+00:00,Agent_782,2020,Wrong direction
2025-11-04T19:22:29.621182+00:00,Agent_783,2020,Wrong direction
2025-11-04T19:22:30.502546+00:00,Agent_784,2020,Wrong direction
2025-11-04T19:22:30.962276+00:00,Agent_785,2020,Right direction
2025-11-04T19:22:31.575853+00:00,Agent_786,2020,Wrong direction
2025-11-04T19:22:32.295784+00:00,Agent_787,2020,Right direction
2025-11-04T19:22:32.907839+00:00,Agent_788,2020,Right direction
2025-11-04T19:22:33.525976+00:00,Agent_789,2020,Wrong direction
2025-11-04T19:22:34.037405+00:00,Agent_790,2020,No opinion
2025-11-04T19:22:34.447691+00:00,Agent_791,2020,Wrong direction
2025-11-04T19:22:34.962905+00:00,Agent_792,2020,Wrong direction
2025-11-04T19:22:35.266797+00:00,Agent_793,2020,Right direction
2025-11-04T19:22:35.881095+00:00,Agent_794,2020,Wrong direction
2025-11-04T19:22:36.393938+00:00,Agent_795,2020,Wrong direction
2025-11-04T19:22:37.004943+00:00,Agent_796,2020,Wrong direction
2025-11-04T19:22:37.417025+00:00,Agent_797,2020,Wrong direction
2025-11-04T19:22:37.829056+00:00,Agent_798,2020,Right direction
2025-11-04T19:22:38.538559+00:00,Agent_799,2020,Wrong direction
2025-11-04T19:22:39.058745+00:00,Agent_800,2020,Wrong direction
2025-11-04T19:22:39.481879+00:00,Agent_801,2020,Wrong direction
2025-11-04T19:22:39.882695+00:00,Agent_802,2020,No opinion
2025-11-04T19:22:40.350797+00:00,Agent_803,2020,Right direction
2025-11-04T19:22:40.689303+00:00,Agent_804,2020,Right direction
2025-11-04T19:22:41.100953+00:00,Agent_805,2020,Wrong direction
2025-11-04T19:22:41.463216+00:00,Agent_806,2020,Wrong direction
2025-11-04T19:22:41.810487+00:00,Agent_807,2020,Right direction
2025-11-04T19:22:42.329147+00:00,Agent_808,2020,Right direction
2025-11-04T19:22:42.839701+00:00,Agent_809,2020,Right direction
2025-11-04T19:22:43.454032+00:00,Agent_810,2020,Right direction
2025-11-04T19:22:43.798725+00:00,Agent_811,2020,Wrong direction
2025-11-04T19:22:44.173412+00:00,Agent_812,2020,Wrong direction
2025-11-04T19:22:44.582661+00:00,Agent_813,2020,Wrong direction
2025-11-04T19:22:46.433183+00:00,Agent_814,2020,Right direction
2025-11-04T19:22:46.879008+00:00,Agent_815,2020,Wrong direction
2025-11-04T19:22:47.344937+00:00,Agent_816,2020,Wrong direction
2025-11-04T19:22:47.862969+00:00,Agent_817,2020,Wrong direction
2025-11-04T19:22:48.264599+00:00,Agent_818,2020,Wrong direction
2025-11-04T19:22:48.785059+00:00,Agent_819,2020,Right direction
2025-11-04T19:22:49.284981+00:00,Agent_820,2020,No opinion
2025-11-04T19:22:49.808017+00:00,Agent_821,2020,Wrong direction
2025-11-04T19:22:50.213046+00:00,Agent_822,2020,No opinion
2025-11-04T19:22:50.746406+00:00,Agent_823,2020,Wrong direction
2025-11-04T19:22:51.117591+00:00,Agent_824,2020,Right direction
2025-11-04T19:22:51.550871+00:00,Agent_825,2020,Wrong direction
2025-11-04T19:22:52.065175+00:00,Agent_826,2020,Wrong direction
2025-11-04T19:22:52.578160+00:00,Agent_827,2020,Right direction
2025-11-04T19:22:52.986552+00:00,Agent_828,2020,Wrong direction
2025-11-04T19:22:53.397636+00:00,Agent_829,2020,Right direction
2025-11-04T19:22:53.910252+00:00,Agent_830,2020,Right direction
2025-11-04T19:22:54.737014+00:00,Agent_831,2020,Wrong direction
2025-11-04T19:22:55.997983+00:00,Agent_832,2020,Right direction
2025-11-04T19:22:56.380631+00:00,Agent_833,2020,Wrong direction
2025-11-04T19:22:57.153720+00:00,Agent_834,2020,Right direction
2025-11-04T19:22:57.980954+00:00,Agent_835,2020,Right direction
2025-11-04T19:22:58.525209+00:00,Agent_836,2020,Wrong direction
2025-11-04T19:22:58.881786+00:00,Agent_837,2020,Right direction
2025-11-04T19:22:59.286493+00:00,Agent_838,2020,Right direction
2025-11-04T19:23:02.116310+00:00,Agent_839,2020,Wrong direction
2025-11-04T19:23:02.527544+00:00,Agent_840,2020,No opinion
2025-11-04T19:23:03.247295+00:00,Agent_841,2020,Wrong direction
2025-11-04T19:23:03.572253+00:00,Agent_842,2020,Wrong direction
2025-11-04T19:23:04.060174+00:00,Agent_843,2020,Wrong direction
2025-11-04T19:23:04.574287+00:00,Agent_844,2020,Right direction
2025-11-04T19:23:04.929568+00:00,Agent_845,2020,Wrong direction
2025-11-04T19:23:05.650104+00:00,Agent_846,2020,Wrong direction
2025-11-04T19:23:06.114131+00:00,Agent_847,2020,Wrong direction
2025-11-04T19:23:08.582325+00:00,Agent_848,2020,No opinion
2025-11-04T19:23:09.093659+00:00,Agent_849,2020,Right direction
2025-11-04T19:23:09.535493+00:00,Agent_850,2020,Wrong direction
2025-11-04T19:23:10.214998+00:00,Agent_851,2020,Wrong direction
2025-11-04T19:23:10.826384+00:00,Agent_852,2020,Wrong direction
2025-11-04T19:23:11.442155+00:00,Agent_853,2020,Wrong direction
2025-11-04T19:23:11.850353+00:00,Agent_854,2020,Wrong direction
2025-11-04T19:23:12.469110+00:00,Agent_855,2020,Wrong direction
2025-11-04T19:23:12.906565+00:00,Agent_856,2020,Wrong direction
2025-11-04T19:23:13.344592+00:00,Agent_857,2020,Wrong direction
2025-11-04T19:23:13.708976+00:00,Agent_858,2020,No opinion
2025-11-04T19:23:14.129355+00:00,Agent_859,2020,No opinion
2025-11-04T19:23:14.612075+00:00,Agent_860,2020,Wrong direction
2025-11-04T19:23:15.021081+00:00,Agent_861,2020,Right direction
2025-11-04T19:23:15.440915+00:00,Agent_862,2020,Right direction
2025-11-04T19:23:15.847267+00:00,Agent_863,2020,Right direction
2025-11-04T19:23:16.252170+00:00,Agent_864,2020,Right direction
2025-11-04T19:23:16.665566+00:00,Agent_865,2020,Wrong direction
2025-11-04T19:23:17.386699+00:00,Agent_866,2020,No opinion
2025-11-04T19:23:21.604249+00:00,Agent_867,2020,Wrong direction
2025-11-04T19:23:22.305034+00:00,Agent_868,2020,Right direction
2025-11-04T19:23:22.713021+00:00,Agent_869,2020,Right direction
2025-11-04T19:23:23.332052+00:00,Agent_870,2020,No opinion
2025-11-04T19:23:24.245365+00:00,Agent_871,2020,No opinion
2025-11-04T19:23:24.582353+00:00,Agent_872,2020,Right direction
2025-11-04T19:23:25.101873+00:00,Agent_873,2020,Right direction
2025-11-04T19:23:25.784983+00:00,Agent_874,2020,Right direction
2025-11-04T19:23:26.257053+00:00,Agent_875,2020,Wrong direction
2025-11-04T19:23:26.807811+00:00,Agent_876,2020,Wrong direction
2025-11-04T19:23:27.116820+00:00,Agent_877,2020,Right direction
2025-11-04T19:23:27.682842+00:00,Agent_878,2020,Wrong direction
2025-11-04T19:23:28.247694+00:00,Agent_879,2020,Wrong direction
2025-11-04T19:23:28.754428+00:00,Agent_880,2020,Wrong direction
2025-11-04T19:23:29.266057+00:00,Agent_881,2020,Right direction
2025-11-04T19:23:29.634310+00:00,Agent_882,2020,Wrong direction
2025-11-04T19:23:30.077160+00:00,Agent_883,2020,Right direction
2025-11-04T19:23:32.261826+00:00,Agent_884,2020,Wrong direction
2025-11-04T19:23:32.716225+00:00,Agent_885,2020,No opinion
2025-11-04T19:23:33.222285+00:00,Agent_886,2020,Right direction
2025-11-04T19:23:33.584257+00:00,Agent_887,2020,Wrong direction
2025-11-04T19:23:35.619601+00:00,Agent_888,2020,Wrong direction
2025-11-04T19:23:36.018217+00:00,Agent_889,2020,Right direction
2025-11-04T19:23:36.333809+00:00,Agent_890,2020,Right direction
2025-11-04T19:23:36.790733+00:00,Agent_891,2020,Right direction
2025-11-04T19:23:37.355480+00:00,Agent_892,2020,Right direction
2025-11-04T19:23:37.777726+00:00,Agent_893,2020,Right direction
2025-11-04T19:23:38.281036+00:00,Agent_894,2020,Right direction
2025-11-04T19:23:38.742984+00:00,Agent_895,2020,Right direction
2025-11-04T19:23:39.200322+00:00,Agent_896,2020,Wrong direction
2025-11-04T19:23:39.727457+00:00,Agent_897,2020,Right direction
2025-11-04T19:23:40.532841+00:00,Agent_898,2020,Wrong direction
2025-11-04T19:23:41.348936+00:00,Agent_899,2020,Right direction
2025-11-04T19:23:41.758843+00:00,Agent_900,2020,Wrong direction
2025-11-04T19:23:42.375983+00:00,Agent_901,2020,Right direction
2025-11-04T19:23:42.933960+00:00,Agent_902,2020,Right direction
2025-11-04T19:23:43.299053+00:00,Agent_903,2020,Right direction
2025-11-04T19:23:43.811896+00:00,Agent_904,2020,Wrong direction
2025-11-04T19:23:44.274882+00:00,Agent_905,2020,Wrong direction
2025-11-04T19:23:44.628277+00:00,Agent_906,2020,Right direction
2025-11-04T19:23:45.039385+00:00,Agent_907,2020,Right direction
2025-11-04T19:23:45.552679+00:00,Agent_908,2020,Wrong direction
2025-11-04T19:23:45.965463+00:00,Agent_909,2020,Right direction
2025-11-04T19:23:46.579100+00:00,Agent_910,2020,Right direction
2025-11-04T19:23:47.084815+00:00,Agent_911,2020,Right direction
2025-11-04T19:23:47.610711+00:00,Agent_912,2020,Wrong direction
2025-11-04T19:23:48.218895+00:00,Agent_913,2020,Right direction
2025-11-04T19:23:48.624695+00:00,Agent_914,2020,Wrong direction
2025-11-04T19:23:49.034152+00:00,Agent_915,2020,Wrong direction
2025-11-04T19:23:49.385473+00:00,Agent_916,2020,Wrong direction
2025-11-04T19:23:49.855004+00:00,Agent_917,2020,Right direction
2025-11-04T19:23:50.262317+00:00,Agent_918,2020,Wrong direction
2025-11-04T19:23:50.874743+00:00,Agent_919,2020,Right direction
2025-11-04T19:23:51.488408+00:00,Agent_920,2020,Wrong direction
2025-11-04T19:23:51.742697+00:00,Agent_921,2020,Right direction
2025-11-04T19:23:52.100403+00:00,Agent_922,2020,Wrong direction
2025-11-04T19:23:52.524962+00:00,Agent_923,2020,Right direction
2025-11-04T19:23:53.022115+00:00,Agent_924,2020,No opinion
2025-11-04T19:23:53.535463+00:00,Agent_925,2020,Right direction
2025-11-04T19:23:53.946335+00:00,Agent_926,2020,Wrong direction
2025-11-04T19:23:54.458155+00:00,Agent_927,2020,No opinion
2025-11-04T19:23:54.974120+00:00,Agent_928,2020,No opinion
2025-11-04T19:23:59.893094+00:00,Agent_929,2020,Right direction
2025-11-04T19:24:00.243115+00:00,Agent_930,2020,No opinion
2025-11-04T19:24:01.324859+00:00,Agent_931,2020,Wrong direction
2025-11-04T19:24:03.165398+00:00,Agent_932,2020,Wrong direction
2025-11-04T19:24:03.778826+00:00,Agent_933,2020,Right direction
2025-11-04T19:24:04.287543+00:00,Agent_934,2020,Wrong direction
2025-11-04T19:24:04.594828+00:00,Agent_935,2020,Wrong direction
2025-11-04T19:24:04.907396+00:00,Agent_936,2020,Wrong direction
2025-11-04T19:24:07.053379+00:00,Agent_937,2020,Wrong direction
2025-11-04T19:24:07.571288+00:00,Agent_938,2020,Right direction
2025-11-04T19:24:08.076457+00:00,Agent_939,2020,Wrong direction
2025-11-04T19:24:08.693456+00:00,Agent_940,2020,Right direction
2025-11-04T19:24:09.408372+00:00,Agent_941,2020,Right direction
2025-11-04T19:24:10.175008+00:00,Agent_942,2020,Right direction
2025-11-04T19:24:10.845654+00:00,Agent_943,2020,Wrong direction
2025-11-04T19:24:11.359661+00:00,Agent_944,2020,Wrong direction
2025-11-04T19:24:11.875535+00:00,Agent_945,2020,Wrong direction
2025-11-04T19:24:12.279846+00:00,Agent_946,2020,Wrong direction
2025-11-04T19:24:12.585255+00:00,Agent_947,2020,Wrong direction
2025-11-04T19:24:13.099784+00:00,Agent_948,2020,No opinion
2025-11-04T19:24:13.715462+00:00,Agent_949,2020,Wrong direction
2025-11-04T19:24:14.018872+00:00,Agent_950,2020,Wrong direction
2025-11-04T19:24:14.429127+00:00,Agent_951,2020,Wrong direction
2025-11-04T19:24:14.841917+00:00,Agent_952,2020,Wrong direction
2025-11-04T19:24:15.349672+00:00,Agent_953,2020,No opinion
2025-11-04T19:24:15.669785+00:00,Agent_954,2020,Wrong direction
2025-11-04T19:24:16.075913+00:00,Agent_955,2020,No opinion
2025-11-04T19:24:16.552887+00:00,Agent_956,2020,Right direction
2025-11-04T19:24:16.991695+00:00,Agent_957,2020,Wrong direction
2025-11-04T19:24:17.603682+00:00,Agent_958,2020,Wrong direction
2025-11-04T19:24:18.217207+00:00,Agent_959,2020,Wrong direction
2025-11-04T19:24:18.935382+00:00,Agent_960,2020,Wrong direction
2025-11-04T19:24:19.464817+00:00,Agent_961,2020,Right direction
2025-11-04T19:24:20.300497+00:00,Agent_962,2020,Right direction
2025-11-04T19:24:20.706004+00:00,Agent_963,2020,Wrong direction
2025-11-04T19:24:21.156047+00:00,Agent_964,2020,No opinion
2025-11-04T19:24:21.480076+00:00,Agent_965,2020,Right direction
2025-11-04T19:24:23.442299+00:00,Agent_966,2020,Wrong direction
2025-11-04T19:24:24.466475+00:00,Agent_967,2020,Wrong direction
2025-11-04T19:24:25.179581+00:00,Agent_968,2020,Wrong direction
2025-11-04T19:24:25.592116+00:00,Agent_969,2020,Wrong direction
2025-11-04T19:24:26.821960+00:00,Agent_970,2020,Right direction
2025-11-04T19:24:27.232188+00:00,Agent_971,2020,Right direction
2025-11-04T19:24:27.640838+00:00,Agent_972,2020,Wrong direction
2025-11-04T19:24:28.358194+00:00,Agent_973,2020,Right direction
2025-11-04T19:24:28.867377+00:00,Agent_974,2020,Wrong direction
2025-11-04T19:24:29.285382+00:00,Agent_975,2020,Right direction
2025-11-04T19:24:29.791758+00:00,Agent_976,2020,Wrong direction
2025-11-04T19:24:30.349349+00:00,Agent_977,2020,No opinion
2025-11-04T19:24:30.699174+00:00,Agent_978,2020,Wrong direction
2025-11-04T19:24:31.120521+00:00,Agent_979,2020,Right direction
2025-11-04T19:24:31.627618+00:00,Agent_980,2020,Right direction
2025-11-04T19:24:32.141388+00:00,Agent_981,2020,Right direction
2025-11-04T19:24:32.679248+00:00,Agent_982,2020,Right direction
2025-11-04T19:24:33.884016+00:00,Agent_983,2020,Wrong direction
2025-11-04T19:24:34.384253+00:00,Agent_984,2020,Wrong direction
2025-11-04T19:24:35.092536+00:00,Agent_985,2020,Wrong direction
2025-11-04T19:24:38.580305+00:00,Agent_986,2020,Right direction
2025-11-04T19:24:39.041151+00:00,Agent_987,2020,Right direction
2025-11-04T19:24:39.413700+00:00,Agent_988,2020,Wrong direction
2025-11-04T19:24:39.831649+00:00,Agent_989,2020,Wrong direction
2025-11-04T19:24:40.286625+00:00,Agent_990,2020,Wrong direction
2025-11-04T19:24:40.662640+00:00,Agent_991,2020,Wrong direction
2025-11-04T19:24:41.012488+00:00,Agent_992,2020,Wrong direction
2025-11-04T19:24:41.462947+00:00,Agent_993,2020,Wrong direction
2025-11-04T19:24:42.587902+00:00,Agent_994,2020,Wrong direction
2025-11-04T19:24:43.132382+00:00,Agent_995,2020,Right direction
2025-11-04T19:24:43.720886+00:00,Agent_996,2020,Wrong direction
2025-11-04T19:24:44.135114+00:00,Agent_997,2020,Wrong direction
2025-11-04T19:24:44.791512+00:00,Agent_998,2020,No opinion
2025-11-04T19:24:45.274465+00:00,Agent_999,2020,Wrong direction
2025-11-04T19:24:45.670854+00:00,Agent_1000,2020,Wrong direction
